Date,team1,team2,team1_odds,team2_odds
17 Jun 2022  - Play Offs,Boston Celtics,Golden State Warriors,1.59,2.44
14 Jun 2022  - Play Offs,Golden State Warriors,Boston Celtics,1.60,2.43
11 Jun 2022  - Play Offs,Boston Celtics,Golden State Warriors,1.61,2.40
09 Jun 2022  - Play Offs,Boston Celtics,Golden State Warriors,1.67,2.28
06 Jun 2022  - Play Offs,Golden State Warriors,Boston Celtics,1.50,2.70
03 Jun 2022  - Play Offs,Golden State Warriors,Boston Celtics,1.60,2.43
30 May 2022  - Play Offs,Miami Heat,Boston Celtics,2.29,1.66
28 May 2022  - Play Offs,Boston Celtics,Miami Heat,1.25,4.14
27 May 2022  - Play Offs,Golden State Warriors,Dallas Mavericks,1.36,3.29
26 May 2022  - Play Offs,Miami Heat,Boston Celtics,2.39,1.61
25 May 2022  - Play Offs,Dallas Mavericks,Golden State Warriors,1.81,2.06
24 May 2022  - Play Offs,Boston Celtics,Miami Heat,1.38,3.20
23 May 2022  - Play Offs,Dallas Mavericks,Golden State Warriors,1.66,2.30
22 May 2022  - Play Offs,Boston Celtics,Miami Heat,1.44,2.92
21 May 2022  - Play Offs,Golden State Warriors,Dallas Mavericks,1.40,3.09
20 May 2022  - Play Offs,Miami Heat,Boston Celtics,1.86,1.99
19 May 2022  - Play Offs,Golden State Warriors,Dallas Mavericks,1.45,2.88
18 May 2022  - Play Offs,Miami Heat,Boston Celtics,1.51,2.66
16 May 2022  - Play Offs,Phoenix Suns,Dallas Mavericks,1.37,3.24
16 May 2022  - Play Offs,Boston Celtics,Milwaukee Bucks,1.48,2.75
14 May 2022  - Play Offs,Golden State Warriors,Memphis Grizzlies,1.29,3.83
14 May 2022  - Play Offs,Milwaukee Bucks,Boston Celtics,1.84,2.01
13 May 2022  - Play Offs,Dallas Mavericks,Phoenix Suns,2.16,1.73
13 May 2022  - Play Offs,Philadelphia 76ers,Miami Heat,1.74,2.17
12 May 2022  - Play Offs,Memphis Grizzlies,Golden State Warriors,2.53,1.56
12 May 2022  - Play Offs,Boston Celtics,Milwaukee Bucks,1.52,2.64
11 May 2022  - Play Offs,Phoenix Suns,Dallas Mavericks,1.34,3.42
11 May 2022  - Play Offs,Miami Heat,Philadelphia 76ers,1.66,2.29
10 May 2022  - Play Offs,Golden State Warriors,Memphis Grizzlies,1.19,5.04
10 May 2022  - Play Offs,Milwaukee Bucks,Boston Celtics,1.81,2.06
09 May 2022  - Play Offs,Philadelphia 76ers,Miami Heat,1.75,2.14
09 May 2022  - Play Offs,Dallas Mavericks,Phoenix Suns,2.26,1.68
08 May 2022  - Play Offs,Golden State Warriors,Memphis Grizzlies,1.35,3.39
08 May 2022  - Play Offs,Milwaukee Bucks,Boston Celtics,1.74,2.18
07 May 2022  - Play Offs,Dallas Mavericks,Phoenix Suns,1.88,1.97
07 May 2022  - Play Offs,Philadelphia 76ers,Miami Heat,1.90,1.96
05 May 2022  - Play Offs,Phoenix Suns,Dallas Mavericks,1.40,3.12
05 May 2022  - Play Offs,Miami Heat,Philadelphia 76ers,1.28,3.92
04 May 2022  - Play Offs,Memphis Grizzlies,Golden State Warriors,2.06,1.81
04 May 2022  - Play Offs,Boston Celtics,Milwaukee Bucks,1.57,2.49
03 May 2022  - Play Offs,Phoenix Suns,Dallas Mavericks,1.41,3.05
03 May 2022  - Play Offs,Miami Heat,Philadelphia 76ers,1.29,3.75
02 May 2022  - Play Offs,Memphis Grizzlies,Golden State Warriors,2.18,1.72
02 May 2022  - Play Offs,Boston Celtics,Milwaukee Bucks,1.53,2.62
30 Apr 2022  - Play Offs,Minnesota Timberwolves,Memphis Grizzlies,2.05,1.82
29 Apr 2022  - Play Offs,Utah Jazz,Dallas Mavericks,1.98,1.87
29 Apr 2022  - Play Offs,New Orleans Pelicans,Phoenix Suns,2.33,1.65
29 Apr 2022  - Play Offs,Toronto Raptors,Philadelphia 76ers,1.94,1.90
28 Apr 2022  - Play Offs,Golden State Warriors,Denver Nuggets,1.24,4.29
28 Apr 2022  - Play Offs,Milwaukee Bucks,Chicago Bulls,1.11,7.21
27 Apr 2022  - Play Offs,Phoenix Suns,New Orleans Pelicans,1.39,3.17
27 Apr 2022  - Play Offs,Memphis Grizzlies,Minnesota Timberwolves,1.38,3.18
27 Apr 2022  - Play Offs,Miami Heat,Atlanta Hawks,1.53,2.61
26 Apr 2022  - Play Offs,Dallas Mavericks,Utah Jazz,1.66,2.29
26 Apr 2022  - Play Offs,Philadelphia 76ers,Toronto Raptors,1.28,3.94
26 Apr 2022  - Play Offs,Brooklyn Nets,Boston Celtics,1.83,2.03
25 Apr 2022  - Play Offs,New Orleans Pelicans,Phoenix Suns,2.15,1.75
25 Apr 2022  - Play Offs,Atlanta Hawks,Miami Heat,2.01,1.84
25 Apr 2022  - Play Offs,Denver Nuggets,Golden State Warriors,2.65,1.51
25 Apr 2022  - Play Offs,Chicago Bulls,Milwaukee Bucks,2.59,1.54
24 Apr 2022  - Play Offs,Minnesota Timberwolves,Memphis Grizzlies,2.15,1.74
24 Apr 2022  - Play Offs,Brooklyn Nets,Boston Celtics,1.59,2.46
24 Apr 2022  - Play Offs,Utah Jazz,Dallas Mavericks,1.43,2.94
24 Apr 2022  - Play Offs,Toronto Raptors,Philadelphia 76ers,2.22,1.71
23 Apr 2022  - Play Offs,New Orleans Pelicans,Phoenix Suns,2.18,1.73
23 Apr 2022  - Play Offs,Chicago Bulls,Milwaukee Bucks,2.25,1.69
23 Apr 2022  - Play Offs,Atlanta Hawks,Miami Heat,2.07,1.81
22 Apr 2022  - Play Offs,Denver Nuggets,Golden State Warriors,2.16,1.74
22 Apr 2022  - Play Offs,Utah Jazz,Dallas Mavericks,1.25,4.17
22 Apr 2022  - Play Offs,Minnesota Timberwolves,Memphis Grizzlies,2.16,1.73
21 Apr 2022  - Play Offs,Milwaukee Bucks,Chicago Bulls,1.20,4.87
21 Apr 2022  - Play Offs,Toronto Raptors,Philadelphia 76ers,2.09,1.78
21 Apr 2022  - Play Offs,Boston Celtics,Brooklyn Nets,1.64,2.33
20 Apr 2022  - Play Offs,Phoenix Suns,New Orleans Pelicans,1.19,4.97
20 Apr 2022  - Play Offs,Memphis Grizzlies,Minnesota Timberwolves,1.33,3.48
20 Apr 2022  - Play Offs,Miami Heat,Atlanta Hawks,1.30,3.67
19 Apr 2022  - Play Offs,Golden State Warriors,Denver Nuggets,1.33,3.48
19 Apr 2022  - Play Offs,Dallas Mavericks,Utah Jazz,2.77,1.48
19 Apr 2022  - Play Offs,Philadelphia 76ers,Toronto Raptors,1.33,3.49
18 Apr 2022  - Play Offs,Phoenix Suns,New Orleans Pelicans,1.20,4.98
18 Apr 2022  - Play Offs,Milwaukee Bucks,Chicago Bulls,1.18,5.26
18 Apr 2022  - Play Offs,Boston Celtics,Brooklyn Nets,1.56,2.54
18 Apr 2022  - Play Offs,Miami Heat,Atlanta Hawks,1.36,3.31
17 Apr 2022  - Play Offs,Golden State Warriors,Denver Nuggets,1.39,3.13
17 Apr 2022  - Play Offs,Philadelphia 76ers,Toronto Raptors,1.53,2.62
17 Apr 2022  - Play Offs,Memphis Grizzlies,Minnesota Timberwolves,1.39,3.12
17 Apr 2022  - Play Offs,Dallas Mavericks,Utah Jazz,2.87,1.45
16 Apr 2022  - Promotion - Play Offs,Los Angeles Clippers,New Orleans Pelicans,2.04,1.82
16 Apr 2022  - Promotion - Play Offs,Cleveland Cavaliers,Atlanta Hawks,2.12,1.76
14 Apr 2022  - Promotion - Play Offs,New Orleans Pelicans,San Antonio Spurs,1.47,2.75
14 Apr 2022  - Promotion - Play Offs,Atlanta Hawks,Charlotte Hornets,1.46,2.80
13 Apr 2022  - Promotion - Play Offs,Minnesota Timberwolves,Los Angeles Clippers,1.65,2.31
13 Apr 2022  - Promotion - Play Offs,Brooklyn Nets,Cleveland Cavaliers,1.21,4.66
11 Apr 2022 ,Dallas Mavericks,San Antonio Spurs,1.18,5.21
11 Apr 2022 ,Denver Nuggets,Los Angeles Lakers,1.42,3.01
11 Apr 2022 ,Los Angeles Clippers,Oklahoma City Thunder,1.14,6.19
11 Apr 2022 ,New Orleans Pelicans,Golden State Warriors,3.19,1.37
11 Apr 2022 ,Phoenix Suns,Sacramento Kings,1.19,5.04
11 Apr 2022 ,Portland Trail Blazers,Utah Jazz,10.68,1.06
11 Apr 2022 ,Minnesota Timberwolves,Chicago Bulls,1.33,3.46
11 Apr 2022 ,Memphis Grizzlies,Boston Celtics,4.11,1.26
11 Apr 2022 ,New York Knicks,Toronto Raptors,1.96,1.88
11 Apr 2022 ,Orlando Magic,Miami Heat,3.38,1.34
11 Apr 2022 ,Philadelphia 76ers,Detroit Pistons,1.37,3.20
11 Apr 2022 ,Brooklyn Nets,Indiana Pacers,1.05,11.43
11 Apr 2022 ,Charlotte Hornets,Washington Wizards,1.12,6.97
11 Apr 2022 ,Cleveland Cavaliers,Milwaukee Bucks,1.26,4.14
11 Apr 2022 ,Houston Rockets,Atlanta Hawks,6.25,1.14
10 Apr 2022 ,Los Angeles Clippers,Sacramento Kings,1.13,6.57
10 Apr 2022 ,San Antonio Spurs,Golden State Warriors,3.36,1.35
10 Apr 2022 ,Memphis Grizzlies,New Orleans Pelicans,1.32,3.57
10 Apr 2022 ,Philadelphia 76ers,Indiana Pacers,1.08,8.66
09 Apr 2022 ,Los Angeles Lakers,Oklahoma City Thunder,1.42,2.97
09 Apr 2022 ,Utah Jazz,Phoenix Suns,1.67,2.29
09 Apr 2022 ,Dallas Mavericks,Portland Trail Blazers,1.02,15.78
09 Apr 2022 ,Chicago Bulls,Charlotte Hornets,1.72,2.18
09 Apr 2022 ,Miami Heat,Atlanta Hawks,1.83,2.03
09 Apr 2022 ,Brooklyn Nets,Cleveland Cavaliers,1.28,3.91
09 Apr 2022 ,Toronto Raptors,Houston Rockets,1.13,6.47
09 Apr 2022 ,Detroit Pistons,Milwaukee Bucks,4.93,1.20
09 Apr 2022 ,Washington Wizards,New York Knicks,2.35,1.63
08 Apr 2022 ,Golden State Warriors,Los Angeles Lakers,1.08,8.60
08 Apr 2022 ,Denver Nuggets,Memphis Grizzlies,1.57,2.51
08 Apr 2022 ,Minnesota Timberwolves,San Antonio Spurs,1.35,3.35
08 Apr 2022 ,New Orleans Pelicans,Portland Trail Blazers,1.05,11.41
08 Apr 2022 ,Milwaukee Bucks,Boston Celtics,1.27,3.93
08 Apr 2022 ,Toronto Raptors,Philadelphia 76ers,2.32,1.64
08 Apr 2022 ,Charlotte Hornets,Orlando Magic,1.08,8.60
07 Apr 2022 ,Los Angeles Clippers,Phoenix Suns,1.33,3.44
07 Apr 2022 ,Utah Jazz,Oklahoma City Thunder,1.08,9.10
07 Apr 2022 ,Atlanta Hawks,Washington Wizards,1.19,5.14
07 Apr 2022 ,Chicago Bulls,Boston Celtics,3.55,1.32
07 Apr 2022 ,New York Knicks,Brooklyn Nets,3.30,1.36
07 Apr 2022 ,Detroit Pistons,Dallas Mavericks,4.21,1.25
06 Apr 2022 ,Phoenix Suns,Los Angeles Lakers,1.12,6.87
06 Apr 2022 ,Sacramento Kings,New Orleans Pelicans,3.64,1.31
06 Apr 2022 ,Denver Nuggets,San Antonio Spurs,1.26,4.09
06 Apr 2022 ,Utah Jazz,Memphis Grizzlies,1.41,3.03
06 Apr 2022 ,Chicago Bulls,Milwaukee Bucks,3.19,1.38
06 Apr 2022 ,Minnesota Timberwolves,Washington Wizards,1.14,6.27
06 Apr 2022 ,Oklahoma City Thunder,Portland Trail Blazers,1.62,2.38
06 Apr 2022 ,Brooklyn Nets,Houston Rockets,1.05,11.57
06 Apr 2022 ,Miami Heat,Charlotte Hornets,1.54,2.58
06 Apr 2022 ,Toronto Raptors,Atlanta Hawks,1.55,2.54
06 Apr 2022 ,Indiana Pacers,Philadelphia 76ers,5.88,1.15
06 Apr 2022 ,Orlando Magic,Cleveland Cavaliers,3.75,1.29
04 Apr 2022 ,Los Angeles Clippers,New Orleans Pelicans,1.77,2.10
04 Apr 2022 ,Sacramento Kings,Golden State Warriors,2.61,1.53
04 Apr 2022 ,Houston Rockets,Minnesota Timberwolves,7.65,1.10
04 Apr 2022 ,Oklahoma City Thunder,Phoenix Suns,9.13,1.07
04 Apr 2022 ,San Antonio Spurs,Portland Trail Blazers,1.09,8.21
04 Apr 2022 ,Toronto Raptors,Miami Heat,1.51,2.64
04 Apr 2022 ,Cleveland Cavaliers,Philadelphia 76ers,2.76,1.48
04 Apr 2022 ,Orlando Magic,New York Knicks,2.75,1.48
04 Apr 2022 ,Indiana Pacers,Detroit Pistons,1.53,2.60
04 Apr 2022 ,Los Angeles Lakers,Denver Nuggets,2.84,1.44
04 Apr 2022 ,Boston Celtics,Washington Wizards,1.10,7.76
04 Apr 2022 ,Milwaukee Bucks,Dallas Mavericks,1.38,3.21
03 Apr 2022 ,Golden State Warriors,Utah Jazz,2.18,1.73
03 Apr 2022 ,Chicago Bulls,Miami Heat,2.21,1.71
03 Apr 2022 ,Atlanta Hawks,Brooklyn Nets,2.10,1.78
03 Apr 2022 ,New York Knicks,Cleveland Cavaliers,1.80,2.07
03 Apr 2022 ,Philadelphia 76ers,Charlotte Hornets,1.45,2.86
02 Apr 2022 ,Los Angeles Lakers,New Orleans Pelicans,1.77,2.11
02 Apr 2022 ,Denver Nuggets,Minnesota Timberwolves,1.67,2.30
02 Apr 2022 ,San Antonio Spurs,Portland Trail Blazers,1.09,8.28
02 Apr 2022 ,Houston Rockets,Sacramento Kings,2.30,1.66
02 Apr 2022 ,Memphis Grizzlies,Phoenix Suns,3.62,1.32
02 Apr 2022 ,Milwaukee Bucks,Los Angeles Clippers,1.63,2.36
02 Apr 2022 ,Oklahoma City Thunder,Detroit Pistons,2.54,1.56
02 Apr 2022 ,Boston Celtics,Indiana Pacers,1.06,9.89
02 Apr 2022 ,Orlando Magic,Toronto Raptors,5.91,1.15
02 Apr 2022 ,Washington Wizards,Dallas Mavericks,3.61,1.31
01 Apr 2022 ,Utah Jazz,Los Angeles Lakers,1.09,8.11
01 Apr 2022 ,Chicago Bulls,Los Angeles Clippers,1.72,2.17
01 Apr 2022 ,Atlanta Hawks,Cleveland Cavaliers,1.40,3.08
01 Apr 2022 ,Brooklyn Nets,Milwaukee Bucks,1.78,2.10
01 Apr 2022 ,Detroit Pistons,Philadelphia 76ers,4.77,1.20
31 Mar 2022 ,Golden State Warriors,Phoenix Suns,2.67,1.51
31 Mar 2022 ,Portland Trail Blazers,New Orleans Pelicans,9.20,1.08
31 Mar 2022 ,San Antonio Spurs,Memphis Grizzlies,2.72,1.49
31 Mar 2022 ,Houston Rockets,Sacramento Kings,2.27,1.67
31 Mar 2022 ,Oklahoma City Thunder,Atlanta Hawks,7.36,1.11
31 Mar 2022 ,Boston Celtics,Miami Heat,1.50,2.71
31 Mar 2022 ,New York Knicks,Charlotte Hornets,2.21,1.70
31 Mar 2022 ,Toronto Raptors,Minnesota Timberwolves,1.71,2.20
31 Mar 2022 ,Cleveland Cavaliers,Dallas Mavericks,2.09,1.79
31 Mar 2022 ,Indiana Pacers,Denver Nuggets,4.82,1.20
31 Mar 2022 ,Washington Wizards,Orlando Magic,1.60,2.43
30 Mar 2022 ,Los Angeles Clippers,Utah Jazz,2.15,1.74
30 Mar 2022 ,Brooklyn Nets,Detroit Pistons,1.09,8.18
30 Mar 2022 ,Dallas Mavericks,Los Angeles Lakers,1.14,6.30
30 Mar 2022 ,Philadelphia 76ers,Milwaukee Bucks,1.95,1.90
30 Mar 2022 ,Washington Wizards,Chicago Bulls,2.51,1.56
29 Mar 2022 ,Portland Trail Blazers,Oklahoma City Thunder,1.86,1.99
29 Mar 2022 ,Houston Rockets,San Antonio Spurs,4.47,1.23
29 Mar 2022 ,Memphis Grizzlies,Golden State Warriors,1.21,4.82
29 Mar 2022 ,Miami Heat,Sacramento Kings,1.09,8.41
29 Mar 2022 ,New York Knicks,Chicago Bulls,2.40,1.61
29 Mar 2022 ,Toronto Raptors,Boston Celtics,1.27,3.89
29 Mar 2022 ,Charlotte Hornets,Denver Nuggets,2.33,1.65
29 Mar 2022 ,Cleveland Cavaliers,Orlando Magic,1.26,4.03
29 Mar 2022 ,Indiana Pacers,Atlanta Hawks,3.69,1.30
28 Mar 2022 ,Brooklyn Nets,Charlotte Hornets,1.37,3.25
28 Mar 2022 ,Dallas Mavericks,Utah Jazz,1.74,2.18
28 Mar 2022 ,New Orleans Pelicans,Los Angeles Lakers,1.66,2.31
28 Mar 2022 ,Boston Celtics,Minnesota Timberwolves,1.44,3.06
28 Mar 2022 ,Phoenix Suns,Philadelphia 76ers,1.53,2.73
28 Mar 2022 ,Washington Wizards,Golden State Warriors,3.34,1.36
28 Mar 2022 ,Detroit Pistons,New York Knicks,2.62,1.54
27 Mar 2022 ,Portland Trail Blazers,Houston Rockets,2.52,1.56
27 Mar 2022 ,Denver Nuggets,Oklahoma City Thunder,1.05,12.21
27 Mar 2022 ,Cleveland Cavaliers,Chicago Bulls,1.79,2.09
27 Mar 2022 ,Memphis Grizzlies,Milwaukee Bucks,1.91,1.94
27 Mar 2022 ,Miami Heat,Brooklyn Nets,2.19,1.72
27 Mar 2022 ,Toronto Raptors,Indiana Pacers,1.14,6.16
27 Mar 2022 ,Orlando Magic,Sacramento Kings,1.73,2.17
27 Mar 2022 ,New Orleans Pelicans,San Antonio Spurs,1.41,3.01
26 Mar 2022 ,Los Angeles Clippers,Philadelphia 76ers,2.81,1.46
26 Mar 2022 ,Portland Trail Blazers,Houston Rockets,2.56,1.54
26 Mar 2022 ,Miami Heat,New York Knicks,1.22,4.55
26 Mar 2022 ,Minnesota Timberwolves,Dallas Mavericks,1.58,2.47
26 Mar 2022 ,Atlanta Hawks,Golden State Warriors,1.76,2.13
26 Mar 2022 ,Charlotte Hornets,Utah Jazz,2.44,1.59
26 Mar 2022 ,Detroit Pistons,Washington Wizards,1.58,2.48
25 Mar 2022 ,Denver Nuggets,Phoenix Suns,1.86,1.99
25 Mar 2022 ,Memphis Grizzlies,Indiana Pacers,1.15,5.82
25 Mar 2022 ,Milwaukee Bucks,Washington Wizards,1.26,4.11
25 Mar 2022 ,New Orleans Pelicans,Chicago Bulls,1.66,2.30
25 Mar 2022 ,Toronto Raptors,Cleveland Cavaliers,1.47,2.78
24 Mar 2022 ,Los Angeles Lakers,Philadelphia 76ers,4.53,1.22
24 Mar 2022 ,Portland Trail Blazers,San Antonio Spurs,4.50,1.22
24 Mar 2022 ,Dallas Mavericks,Houston Rockets,1.19,4.96
24 Mar 2022 ,Minnesota Timberwolves,Phoenix Suns,1.81,2.06
24 Mar 2022 ,Oklahoma City Thunder,Orlando Magic,2.11,1.77
24 Mar 2022 ,Boston Celtics,Utah Jazz,1.53,2.60
24 Mar 2022 ,Memphis Grizzlies,Brooklyn Nets,1.92,1.93
24 Mar 2022 ,Miami Heat,Golden State Warriors,1.21,4.77
24 Mar 2022 ,Charlotte Hornets,New York Knicks,1.28,3.85
24 Mar 2022 ,Detroit Pistons,Atlanta Hawks,2.66,1.51
24 Mar 2022 ,Indiana Pacers,Sacramento Kings,1.42,2.96
23 Mar 2022 ,Denver Nuggets,Los Angeles Clippers,1.38,3.18
23 Mar 2022 ,Milwaukee Bucks,Chicago Bulls,1.39,3.16
23 Mar 2022 ,New York Knicks,Atlanta Hawks,2.39,1.61
23 Mar 2022 ,Orlando Magic,Golden State Warriors,3.54,1.32
22 Mar 2022 ,Dallas Mavericks,Minnesota Timberwolves,1.86,1.99
22 Mar 2022 ,Chicago Bulls,Toronto Raptors,1.60,2.41
22 Mar 2022 ,Houston Rockets,Washington Wizards,2.37,1.62
22 Mar 2022 ,Oklahoma City Thunder,Boston Celtics,7.43,1.11
22 Mar 2022 ,Brooklyn Nets,Utah Jazz,2.12,1.77
22 Mar 2022 ,Philadelphia 76ers,Miami Heat,3.74,1.30
22 Mar 2022 ,Charlotte Hornets,New Orleans Pelicans,1.46,2.82
22 Mar 2022 ,Cleveland Cavaliers,Los Angeles Lakers,1.52,2.63
22 Mar 2022 ,Detroit Pistons,Portland Trail Blazers,1.23,4.45
21 Mar 2022 ,Golden State Warriors,San Antonio Spurs,1.39,3.13
21 Mar 2022 ,Philadelphia 76ers,Toronto Raptors,1.31,3.63
21 Mar 2022 ,Denver Nuggets,Boston Celtics,2.25,1.69
21 Mar 2022 ,New York Knicks,Utah Jazz,2.36,1.63
21 Mar 2022 ,Atlanta Hawks,New Orleans Pelicans,1.49,2.72
21 Mar 2022 ,Orlando Magic,Oklahoma City Thunder,1.29,3.80
21 Mar 2022 ,Sacramento Kings,Phoenix Suns,3.71,1.30
21 Mar 2022 ,Houston Rockets,Memphis Grizzlies,6.59,1.13
21 Mar 2022 ,Indiana Pacers,Portland Trail Blazers,1.34,3.43
20 Mar 2022 ,Cleveland Cavaliers,Detroit Pistons,1.42,2.95
20 Mar 2022 ,Washington Wizards,Los Angeles Lakers,2.09,1.79
20 Mar 2022 ,Charlotte Hornets,Dallas Mavericks,1.72,2.18
20 Mar 2022 ,Minnesota Timberwolves,Milwaukee Bucks,1.68,2.27
19 Mar 2022 ,Phoenix Suns,Chicago Bulls,1.53,2.62
19 Mar 2022 ,Sacramento Kings,Boston Celtics,5.09,1.19
19 Mar 2022 ,Utah Jazz,Los Angeles Clippers,1.46,2.80
19 Mar 2022 ,San Antonio Spurs,New Orleans Pelicans,1.83,2.02
19 Mar 2022 ,Houston Rockets,Indiana Pacers,2.49,1.57
19 Mar 2022 ,Miami Heat,Oklahoma City Thunder,1.08,9.17
19 Mar 2022 ,Atlanta Hawks,Memphis Grizzlies,3.17,1.38
19 Mar 2022 ,Brooklyn Nets,Portland Trail Blazers,1.07,9.21
19 Mar 2022 ,Cleveland Cavaliers,Denver Nuggets,2.21,1.70
19 Mar 2022 ,New York Knicks,Washington Wizards,1.41,3.03
19 Mar 2022 ,Toronto Raptors,Los Angeles Lakers,1.28,3.89
19 Mar 2022 ,Philadelphia 76ers,Dallas Mavericks,1.59,2.46
18 Mar 2022 ,Orlando Magic,Detroit Pistons,1.68,2.27
17 Mar 2022 ,Los Angeles Clippers,Toronto Raptors,2.15,1.74
17 Mar 2022 ,Golden State Warriors,Boston Celtics,1.81,2.05
17 Mar 2022 ,Sacramento Kings,Milwaukee Bucks,4.11,1.26
17 Mar 2022 ,Utah Jazz,Chicago Bulls,1.37,3.26
17 Mar 2022 ,San Antonio Spurs,Oklahoma City Thunder,1.14,6.08
17 Mar 2022 ,Houston Rockets,Phoenix Suns,4.87,1.20
17 Mar 2022 ,Minnesota Timberwolves,Los Angeles Lakers,1.27,4.00
17 Mar 2022 ,Brooklyn Nets,Dallas Mavericks,2.23,1.70
17 Mar 2022 ,New York Knicks,Portland Trail Blazers,1.12,6.74
17 Mar 2022 ,Charlotte Hornets,Atlanta Hawks,1.90,1.95
17 Mar 2022 ,Cleveland Cavaliers,Philadelphia 76ers,2.44,1.59
17 Mar 2022 ,Washington Wizards,Denver Nuggets,3.16,1.38
16 Mar 2022 ,New Orleans Pelicans,Phoenix Suns,2.58,1.53
16 Mar 2022 ,Miami Heat,Detroit Pistons,1.08,8.47
16 Mar 2022 ,Indiana Pacers,Memphis Grizzlies,3.08,1.40
16 Mar 2022 ,Orlando Magic,Brooklyn Nets,4.85,1.20
15 Mar 2022 ,Los Angeles Lakers,Toronto Raptors,2.60,1.53
15 Mar 2022 ,Golden State Warriors,Washington Wizards,1.14,6.15
15 Mar 2022 ,Sacramento Kings,Chicago Bulls,2.58,1.54
15 Mar 2022 ,Utah Jazz,Milwaukee Bucks,1.76,2.13
15 Mar 2022 ,San Antonio Spurs,Minnesota Timberwolves,2.38,1.61
15 Mar 2022 ,Oklahoma City Thunder,Charlotte Hornets,5.72,1.16
15 Mar 2022 ,Atlanta Hawks,Portland Trail Blazers,1.09,8.14
15 Mar 2022 ,Philadelphia 76ers,Denver Nuggets,1.62,2.38
15 Mar 2022 ,Cleveland Cavaliers,Los Angeles Clippers,1.34,3.39
14 Mar 2022 ,Phoenix Suns,Los Angeles Lakers,1.33,3.48
14 Mar 2022 ,Atlanta Hawks,Indiana Pacers,1.13,6.59
14 Mar 2022 ,New Orleans Pelicans,Houston Rockets,1.38,3.18
14 Mar 2022 ,Oklahoma City Thunder,Memphis Grizzlies,8.70,1.08
14 Mar 2022 ,Orlando Magic,Philadelphia 76ers,5.73,1.16
14 Mar 2022 ,Boston Celtics,Dallas Mavericks,1.37,3.25
14 Mar 2022 ,Detroit Pistons,Los Angeles Clippers,2.57,1.54
14 Mar 2022 ,Brooklyn Nets,New York Knicks,1.45,2.86
13 Mar 2022 ,Portland Trail Blazers,Washington Wizards,3.14,1.38
13 Mar 2022 ,Denver Nuggets,Toronto Raptors,1.36,3.29
13 Mar 2022 ,Utah Jazz,Sacramento Kings,1.23,4.37
13 Mar 2022 ,Golden State Warriors,Milwaukee Bucks,2.16,1.74
13 Mar 2022 ,Chicago Bulls,Cleveland Cavaliers,1.51,2.67
13 Mar 2022 ,Miami Heat,Minnesota Timberwolves,1.62,2.37
13 Mar 2022 ,San Antonio Spurs,Indiana Pacers,1.81,2.05
12 Mar 2022 ,Los Angeles Lakers,Washington Wizards,1.54,2.58
12 Mar 2022 ,Phoenix Suns,Toronto Raptors,1.50,2.67
12 Mar 2022 ,San Antonio Spurs,Utah Jazz,2.84,1.45
12 Mar 2022 ,Houston Rockets,Dallas Mavericks,5.33,1.17
12 Mar 2022 ,Memphis Grizzlies,New York Knicks,1.24,4.31
12 Mar 2022 ,Miami Heat,Cleveland Cavaliers,1.29,3.82
12 Mar 2022 ,New Orleans Pelicans,Charlotte Hornets,2.34,1.63
12 Mar 2022 ,Atlanta Hawks,Los Angeles Clippers,1.33,3.44
12 Mar 2022 ,Boston Celtics,Detroit Pistons,1.09,8.37
12 Mar 2022 ,Orlando Magic,Minnesota Timberwolves,4.01,1.27
11 Mar 2022 ,Denver Nuggets,Golden State Warriors,2.03,1.83
11 Mar 2022 ,Philadelphia 76ers,Brooklyn Nets,1.59,2.47
10 Mar 2022 ,Los Angeles Clippers,Washington Wizards,1.61,2.40
10 Mar 2022 ,Sacramento Kings,Denver Nuggets,3.15,1.38
10 Mar 2022 ,Utah Jazz,Portland Trail Blazers,1.03,15.78
10 Mar 2022 ,Dallas Mavericks,New York Knicks,1.25,4.16
10 Mar 2022 ,San Antonio Spurs,Toronto Raptors,1.98,1.87
10 Mar 2022 ,Houston Rockets,Los Angeles Lakers,3.50,1.32
10 Mar 2022 ,Milwaukee Bucks,Atlanta Hawks,1.52,2.63
10 Mar 2022 ,Minnesota Timberwolves,Oklahoma City Thunder,1.07,9.63
10 Mar 2022 ,New Orleans Pelicans,Orlando Magic,1.27,3.97
10 Mar 2022 ,Miami Heat,Phoenix Suns,1.57,2.47
10 Mar 2022 ,Charlotte Hornets,Boston Celtics,3.26,1.36
10 Mar 2022 ,Detroit Pistons,Chicago Bulls,3.17,1.38
09 Mar 2022 ,Golden State Warriors,Los Angeles Clippers,1.42,2.97
09 Mar 2022 ,Oklahoma City Thunder,Milwaukee Bucks,7.61,1.10
09 Mar 2022 ,Memphis Grizzlies,New Orleans Pelicans,1.29,3.78
09 Mar 2022 ,Charlotte Hornets,Brooklyn Nets,2.60,1.53
09 Mar 2022 ,Indiana Pacers,Cleveland Cavaliers,2.21,1.71
09 Mar 2022 ,Orlando Magic,Phoenix Suns,3.01,1.42
08 Mar 2022 ,Sacramento Kings,New York Knicks,1.57,2.50
08 Mar 2022 ,Denver Nuggets,Golden State Warriors,1.29,3.80
08 Mar 2022 ,Dallas Mavericks,Utah Jazz,1.97,1.88
08 Mar 2022 ,San Antonio Spurs,Los Angeles Lakers,1.38,3.19
08 Mar 2022 ,Minnesota Timberwolves,Portland Trail Blazers,1.10,7.53
08 Mar 2022 ,Miami Heat,Houston Rockets,1.05,11.15
08 Mar 2022 ,Detroit Pistons,Atlanta Hawks,3.56,1.32
08 Mar 2022 ,Philadelphia 76ers,Chicago Bulls,1.31,3.68
07 Mar 2022 ,Los Angeles Clippers,New York Knicks,1.45,2.87
07 Mar 2022 ,Denver Nuggets,New Orleans Pelicans,1.55,2.54
07 Mar 2022 ,Cleveland Cavaliers,Toronto Raptors,1.52,2.62
07 Mar 2022 ,Houston Rockets,Memphis Grizzlies,5.41,1.17
07 Mar 2022 ,Oklahoma City Thunder,Utah Jazz,7.90,1.09
07 Mar 2022 ,Washington Wizards,Indiana Pacers,1.74,2.15
07 Mar 2022 ,Milwaukee Bucks,Phoenix Suns,1.24,4.39
07 Mar 2022 ,Boston Celtics,Brooklyn Nets,1.44,2.90
06 Mar 2022 ,Los Angeles Lakers,Golden State Warriors,2.90,1.44
06 Mar 2022 ,Memphis Grizzlies,Orlando Magic,1.06,10.74
06 Mar 2022 ,Miami Heat,Philadelphia 76ers,1.46,2.82
06 Mar 2022 ,Minnesota Timberwolves,Portland Trail Blazers,1.09,8.18
06 Mar 2022 ,Charlotte Hornets,San Antonio Spurs,1.59,2.43
06 Mar 2022 ,Dallas Mavericks,Sacramento Kings,1.53,2.61
05 Mar 2022 ,Phoenix Suns,New York Knicks,1.41,3.05
05 Mar 2022 ,Denver Nuggets,Houston Rockets,1.24,4.23
05 Mar 2022 ,New Orleans Pelicans,Utah Jazz,2.65,1.52
05 Mar 2022 ,Oklahoma City Thunder,Minnesota Timberwolves,4.66,1.21
05 Mar 2022 ,Chicago Bulls,Milwaukee Bucks,2.71,1.49
05 Mar 2022 ,Toronto Raptors,Orlando Magic,1.31,3.61
05 Mar 2022 ,Detroit Pistons,Indiana Pacers,2.24,1.69
05 Mar 2022 ,Philadelphia 76ers,Cleveland Cavaliers,1.30,3.68
05 Mar 2022 ,Washington Wizards,Atlanta Hawks,2.86,1.45
04 Mar 2022 ,Los Angeles Clippers,Los Angeles Lakers,1.78,2.11
04 Mar 2022 ,Dallas Mavericks,Golden State Warriors,1.85,2.02
04 Mar 2022 ,San Antonio Spurs,Sacramento Kings,1.39,3.14
04 Mar 2022 ,Boston Celtics,Memphis Grizzlies,1.79,2.10
04 Mar 2022 ,Brooklyn Nets,Miami Heat,1.67,2.28
04 Mar 2022 ,Toronto Raptors,Detroit Pistons,1.28,3.86
04 Mar 2022 ,Atlanta Hawks,Chicago Bulls,1.80,2.06
03 Mar 2022 ,Phoenix Suns,Portland Trail Blazers,1.16,5.66
03 Mar 2022 ,Denver Nuggets,Oklahoma City Thunder,1.07,9.68
03 Mar 2022 ,Houston Rockets,Utah Jazz,9.39,1.07
03 Mar 2022 ,Milwaukee Bucks,Miami Heat,1.56,2.55
03 Mar 2022 ,New Orleans Pelicans,Sacramento Kings,1.41,3.06
03 Mar 2022 ,Philadelphia 76ers,New York Knicks,1.18,5.28
03 Mar 2022 ,Cleveland Cavaliers,Charlotte Hornets,1.56,2.51
03 Mar 2022 ,Orlando Magic,Indiana Pacers,2.11,1.76
02 Mar 2022 ,Los Angeles Lakers,Dallas Mavericks,2.60,1.53
02 Mar 2022 ,Houston Rockets,Los Angeles Clippers,3.28,1.36
02 Mar 2022 ,Minnesota Timberwolves,Golden State Warriors,2.39,1.62
02 Mar 2022 ,Boston Celtics,Atlanta Hawks,1.39,3.13
02 Mar 2022 ,Toronto Raptors,Brooklyn Nets,1.30,3.68
02 Mar 2022 ,Washington Wizards,Detroit Pistons,1.63,2.34
01 Mar 2022 ,Memphis Grizzlies,San Antonio Spurs,1.27,3.95
01 Mar 2022 ,Milwaukee Bucks,Charlotte Hornets,1.19,5.02
01 Mar 2022 ,Oklahoma City Thunder,Sacramento Kings,2.77,1.47
01 Mar 2022 ,Brooklyn Nets,Toronto Raptors,2.31,1.66
01 Mar 2022 ,Miami Heat,Chicago Bulls,1.53,2.61
01 Mar 2022 ,Cleveland Cavaliers,Minnesota Timberwolves,2.37,1.62
01 Mar 2022 ,Orlando Magic,Indiana Pacers,1.73,2.18
28 Feb 2022 ,Los Angeles Lakers,New Orleans Pelicans,1.74,2.15
28 Feb 2022 ,Portland Trail Blazers,Denver Nuggets,3.81,1.29
28 Feb 2022 ,Golden State Warriors,Dallas Mavericks,1.61,2.41
28 Feb 2022 ,Charlotte Hornets,Detroit Pistons,1.19,5.03
28 Feb 2022 ,Houston Rockets,Los Angeles Clippers,3.22,1.37
28 Feb 2022 ,Indiana Pacers,Boston Celtics,4.33,1.24
28 Feb 2022 ,Phoenix Suns,Utah Jazz,2.26,1.69
28 Feb 2022 ,New York Knicks,Philadelphia 76ers,3.62,1.31
27 Feb 2022 ,Denver Nuggets,Sacramento Kings,1.29,3.79
27 Feb 2022 ,Milwaukee Bucks,Brooklyn Nets,1.22,4.58
27 Feb 2022 ,Chicago Bulls,Memphis Grizzlies,2.12,1.76
27 Feb 2022 ,Cleveland Cavaliers,Washington Wizards,1.27,3.95
27 Feb 2022 ,Miami Heat,San Antonio Spurs,1.12,6.97
27 Feb 2022 ,Atlanta Hawks,Toronto Raptors,1.58,2.46
27 Feb 2022 ,Detroit Pistons,Boston Celtics,6.44,1.13
26 Feb 2022 ,Los Angeles Lakers,Los Angeles Clippers,1.67,2.27
26 Feb 2022 ,Phoenix Suns,New Orleans Pelicans,1.40,3.06
26 Feb 2022 ,Utah Jazz,Dallas Mavericks,1.42,3.00
26 Feb 2022 ,Minnesota Timberwolves,Philadelphia 76ers,2.16,1.74
26 Feb 2022 ,New York Knicks,Miami Heat,2.89,1.44
26 Feb 2022 ,Charlotte Hornets,Toronto Raptors,2.09,1.78
26 Feb 2022 ,Indiana Pacers,Oklahoma City Thunder,1.31,3.63
26 Feb 2022 ,Orlando Magic,Houston Rockets,1.63,2.35
26 Feb 2022 ,Washington Wizards,San Antonio Spurs,2.40,1.61
25 Feb 2022 ,Portland Trail Blazers,Golden State Warriors,5.05,1.19
25 Feb 2022 ,Sacramento Kings,Denver Nuggets,2.49,1.57
25 Feb 2022 ,Chicago Bulls,Atlanta Hawks,1.69,2.24
25 Feb 2022 ,Minnesota Timberwolves,Memphis Grizzlies,2.10,1.78
25 Feb 2022 ,Oklahoma City Thunder,Phoenix Suns,5.22,1.18
25 Feb 2022 ,Brooklyn Nets,Boston Celtics,4.09,1.26
25 Feb 2022 ,Detroit Pistons,Cleveland Cavaliers,2.90,1.44
21 Feb 2022  - All Stars,Team LeBron,Team Durant,1.42,2.83
18 Feb 2022 ,Los Angeles Clippers,Houston Rockets,1.18,5.21
18 Feb 2022 ,Milwaukee Bucks,Philadelphia 76ers,1.37,3.24
18 Feb 2022 ,New Orleans Pelicans,Dallas Mavericks,2.19,1.72
18 Feb 2022 ,Brooklyn Nets,Washington Wizards,1.52,2.64
18 Feb 2022 ,Charlotte Hornets,Miami Heat,2.49,1.57
17 Feb 2022 ,Golden State Warriors,Denver Nuggets,1.49,2.72
17 Feb 2022 ,Los Angeles Lakers,Utah Jazz,2.49,1.57
17 Feb 2022 ,Phoenix Suns,Houston Rockets,1.05,11.49
17 Feb 2022 ,Chicago Bulls,Sacramento Kings,1.44,2.90
17 Feb 2022 ,Memphis Grizzlies,Portland Trail Blazers,1.13,6.58
17 Feb 2022 ,Minnesota Timberwolves,Toronto Raptors,1.91,1.94
17 Feb 2022 ,Oklahoma City Thunder,San Antonio Spurs,3.82,1.29
17 Feb 2022 ,Boston Celtics,Detroit Pistons,1.13,6.58
17 Feb 2022 ,Indiana Pacers,Washington Wizards,1.89,1.95
17 Feb 2022 ,New York Knicks,Brooklyn Nets,1.53,2.62
17 Feb 2022 ,Orlando Magic,Atlanta Hawks,2.81,1.46
16 Feb 2022 ,Phoenix Suns,Los Angeles Clippers,1.11,7.18
16 Feb 2022 ,Milwaukee Bucks,Indiana Pacers,1.10,7.80
16 Feb 2022 ,Minnesota Timberwolves,Charlotte Hornets,1.41,3.04
16 Feb 2022 ,New Orleans Pelicans,Memphis Grizzlies,2.33,1.63
16 Feb 2022 ,Atlanta Hawks,Cleveland Cavaliers,1.77,2.13
16 Feb 2022 ,Miami Heat,Dallas Mavericks,1.50,2.71
16 Feb 2022 ,Philadelphia 76ers,Boston Celtics,2.08,1.79
15 Feb 2022 ,Los Angeles Clippers,Golden State Warriors,3.00,1.41
15 Feb 2022 ,Denver Nuggets,Orlando Magic,1.15,5.94
15 Feb 2022 ,Utah Jazz,Houston Rockets,1.07,9.99
15 Feb 2022 ,Chicago Bulls,San Antonio Spurs,1.67,2.28
15 Feb 2022 ,Milwaukee Bucks,Portland Trail Blazers,1.16,5.62
15 Feb 2022 ,New Orleans Pelicans,Toronto Raptors,2.37,1.62
15 Feb 2022 ,Brooklyn Nets,Sacramento Kings,2.07,1.80
15 Feb 2022 ,New York Knicks,Oklahoma City Thunder,1.20,4.96
15 Feb 2022 ,Washington Wizards,Detroit Pistons,1.63,2.36
14 Feb 2022 ,Indiana Pacers,Minnesota Timberwolves,3.51,1.32
14 Feb 2022 ,Boston Celtics,Atlanta Hawks,1.35,3.40
13 Feb 2022 ,Phoenix Suns,Orlando Magic,1.05,11.73
13 Feb 2022 ,Dallas Mavericks,Los Angeles Clippers,1.37,3.24
13 Feb 2022 ,Golden State Warriors,Los Angeles Lakers,1.38,3.21
13 Feb 2022 ,Chicago Bulls,Oklahoma City Thunder,1.18,5.33
13 Feb 2022 ,Miami Heat,Brooklyn Nets,1.15,5.77
13 Feb 2022 ,Philadelphia 76ers,Cleveland Cavaliers,1.69,2.23
13 Feb 2022 ,Toronto Raptors,Denver Nuggets,1.48,2.75
13 Feb 2022 ,Charlotte Hornets,Memphis Grizzlies,3.38,1.35
13 Feb 2022 ,New Orleans Pelicans,San Antonio Spurs,1.42,3.00
13 Feb 2022 ,Washington Wizards,Sacramento Kings,2.25,1.68
13 Feb 2022 ,Portland Trail Blazers,New York Knicks,2.56,1.54
12 Feb 2022 ,Utah Jazz,Orlando Magic,1.13,6.50
12 Feb 2022 ,Chicago Bulls,Minnesota Timberwolves,1.83,2.02
12 Feb 2022 ,Atlanta Hawks,San Antonio Spurs,1.24,4.27
12 Feb 2022 ,Boston Celtics,Denver Nuggets,1.40,3.09
12 Feb 2022 ,Detroit Pistons,Charlotte Hornets,3.04,1.41
12 Feb 2022 ,Indiana Pacers,Cleveland Cavaliers,2.98,1.41
12 Feb 2022 ,Philadelphia 76ers,Oklahoma City Thunder,1.09,7.94
11 Feb 2022 ,Golden State Warriors,New York Knicks,1.23,4.38
11 Feb 2022 ,Phoenix Suns,Milwaukee Bucks,1.67,2.28
11 Feb 2022 ,Dallas Mavericks,Los Angeles Clippers,1.41,3.05
11 Feb 2022 ,Houston Rockets,Toronto Raptors,3.45,1.34
11 Feb 2022 ,New Orleans Pelicans,Miami Heat,2.44,1.59
11 Feb 2022 ,Washington Wizards,Brooklyn Nets,1.89,1.96
11 Feb 2022 ,Detroit Pistons,Memphis Grizzlies,6.09,1.14
10 Feb 2022 ,Portland Trail Blazers,Los Angeles Lakers,4.47,1.23
10 Feb 2022 ,Sacramento Kings,Minnesota Timberwolves,3.59,1.31
10 Feb 2022 ,Utah Jazz,Golden State Warriors,1.88,1.97
10 Feb 2022 ,Oklahoma City Thunder,Toronto Raptors,5.21,1.18
10 Feb 2022 ,Charlotte Hornets,Chicago Bulls,2.08,1.79
10 Feb 2022 ,Cleveland Cavaliers,San Antonio Spurs,1.41,3.05
09 Feb 2022 ,Los Angeles Lakers,Milwaukee Bucks,2.45,1.60
09 Feb 2022 ,Portland Trail Blazers,Orlando Magic,1.98,1.87
09 Feb 2022 ,Sacramento Kings,Minnesota Timberwolves,3.41,1.34
09 Feb 2022 ,Denver Nuggets,New York Knicks,1.25,4.15
09 Feb 2022 ,Dallas Mavericks,Detroit Pistons,1.16,5.46
09 Feb 2022 ,Memphis Grizzlies,Los Angeles Clippers,1.29,3.77
09 Feb 2022 ,New Orleans Pelicans,Houston Rockets,1.25,4.15
09 Feb 2022 ,Atlanta Hawks,Indiana Pacers,1.11,7.25
09 Feb 2022 ,Brooklyn Nets,Boston Celtics,4.59,1.22
09 Feb 2022 ,Philadelphia 76ers,Phoenix Suns,1.87,1.98
08 Feb 2022 ,Utah Jazz,New York Knicks,1.35,3.32
08 Feb 2022 ,Chicago Bulls,Phoenix Suns,3.21,1.38
08 Feb 2022 ,Oklahoma City Thunder,Golden State Warriors,6.85,1.12
08 Feb 2022 ,Charlotte Hornets,Toronto Raptors,1.97,1.88
08 Feb 2022 ,Washington Wizards,Miami Heat,3.31,1.36
07 Feb 2022 ,Los Angeles Clippers,Milwaukee Bucks,2.63,1.52
07 Feb 2022 ,Houston Rockets,New Orleans Pelicans,3.08,1.40
07 Feb 2022 ,Cleveland Cavaliers,Indiana Pacers,1.37,3.20
07 Feb 2022 ,Dallas Mavericks,Atlanta Hawks,1.93,1.92
07 Feb 2022 ,Orlando Magic,Boston Celtics,4.60,1.22
07 Feb 2022 ,Chicago Bulls,Philadelphia 76ers,2.43,1.60
07 Feb 2022 ,Denver Nuggets,Brooklyn Nets,1.29,3.84
07 Feb 2022 ,Minnesota Timberwolves,Detroit Pistons,1.12,6.98
06 Feb 2022 ,Portland Trail Blazers,Milwaukee Bucks,5.14,1.18
06 Feb 2022 ,Sacramento Kings,Oklahoma City Thunder,1.31,3.62
06 Feb 2022 ,Los Angeles Lakers,New York Knicks,1.49,2.74
06 Feb 2022 ,Charlotte Hornets,Miami Heat,2.26,1.68
06 Feb 2022 ,Washington Wizards,Phoenix Suns,3.78,1.29
06 Feb 2022 ,Orlando Magic,Memphis Grizzlies,3.92,1.28
05 Feb 2022 ,Dallas Mavericks,Philadelphia 76ers,1.97,1.87
05 Feb 2022 ,Portland Trail Blazers,Oklahoma City Thunder,1.41,3.02
05 Feb 2022 ,Denver Nuggets,New Orleans Pelicans,1.46,2.81
05 Feb 2022 ,Utah Jazz,Brooklyn Nets,1.46,2.85
05 Feb 2022 ,San Antonio Spurs,Houston Rockets,1.34,3.41
05 Feb 2022 ,Toronto Raptors,Atlanta Hawks,1.75,2.13
05 Feb 2022 ,Charlotte Hornets,Cleveland Cavaliers,1.42,3.00
05 Feb 2022 ,Detroit Pistons,Boston Celtics,4.74,1.21
05 Feb 2022 ,Indiana Pacers,Chicago Bulls,1.99,1.87
04 Feb 2022 ,Golden State Warriors,Sacramento Kings,1.09,8.28
04 Feb 2022 ,Los Angeles Clippers,Los Angeles Lakers,1.63,2.36
04 Feb 2022 ,Atlanta Hawks,Phoenix Suns,2.28,1.67
04 Feb 2022 ,Toronto Raptors,Chicago Bulls,1.53,2.62
04 Feb 2022 ,Detroit Pistons,Minnesota Timberwolves,3.47,1.33
04 Feb 2022 ,San Antonio Spurs,Miami Heat,3.71,1.30
03 Feb 2022 ,Los Angeles Lakers,Portland Trail Blazers,1.58,2.46
03 Feb 2022 ,Sacramento Kings,Brooklyn Nets,2.67,1.50
03 Feb 2022 ,Utah Jazz,Denver Nuggets,1.40,3.07
03 Feb 2022 ,Dallas Mavericks,Oklahoma City Thunder,1.12,6.78
03 Feb 2022 ,Houston Rockets,Cleveland Cavaliers,2.69,1.50
03 Feb 2022 ,Boston Celtics,Charlotte Hornets,1.41,3.06
03 Feb 2022 ,New York Knicks,Memphis Grizzlies,2.47,1.58
03 Feb 2022 ,Indiana Pacers,Orlando Magic,1.62,2.38
03 Feb 2022 ,Philadelphia 76ers,Washington Wizards,1.20,4.87
02 Feb 2022 ,Phoenix Suns,Brooklyn Nets,1.37,3.27
02 Feb 2022 ,San Antonio Spurs,Golden State Warriors,1.39,3.15
02 Feb 2022 ,Chicago Bulls,Orlando Magic,1.28,3.85
02 Feb 2022 ,Minnesota Timberwolves,Denver Nuggets,1.83,2.00
02 Feb 2022 ,Milwaukee Bucks,Washington Wizards,1.15,5.99
02 Feb 2022 ,Toronto Raptors,Miami Heat,1.80,2.07
02 Feb 2022 ,Detroit Pistons,New Orleans Pelicans,2.06,1.81
01 Feb 2022 ,Houston Rockets,Golden State Warriors,4.82,1.20
01 Feb 2022 ,Oklahoma City Thunder,Portland Trail Blazers,2.39,1.61
01 Feb 2022 ,Atlanta Hawks,Toronto Raptors,2.11,1.77
01 Feb 2022 ,Boston Celtics,Miami Heat,1.41,3.05
01 Feb 2022 ,New York Knicks,Sacramento Kings,1.36,3.30
01 Feb 2022 ,Cleveland Cavaliers,New Orleans Pelicans,1.50,2.73
01 Feb 2022 ,Indiana Pacers,Los Angeles Clippers,1.93,1.91
01 Feb 2022 ,Philadelphia 76ers,Memphis Grizzlies,2.41,1.62
31 Jan 2022 ,Minnesota Timberwolves,Utah Jazz,1.79,2.08
31 Jan 2022 ,Phoenix Suns,San Antonio Spurs,1.10,7.71
31 Jan 2022 ,Milwaukee Bucks,Denver Nuggets,1.42,3.01
31 Jan 2022 ,Orlando Magic,Dallas Mavericks,2.68,1.50
31 Jan 2022 ,Detroit Pistons,Cleveland Cavaliers,3.67,1.30
31 Jan 2022 ,Chicago Bulls,Portland Trail Blazers,1.50,2.70
31 Jan 2022 ,Atlanta Hawks,Los Angeles Lakers,1.35,3.39
31 Jan 2022 ,Charlotte Hornets,Los Angeles Clippers,1.42,2.96
30 Jan 2022 ,Golden State Warriors,Brooklyn Nets,1.20,4.91
30 Jan 2022 ,Memphis Grizzlies,Washington Wizards,1.43,2.94
30 Jan 2022 ,Miami Heat,Toronto Raptors,1.72,2.19
30 Jan 2022 ,Philadelphia 76ers,Sacramento Kings,1.17,5.45
30 Jan 2022 ,Dallas Mavericks,Indiana Pacers,1.19,5.01
30 Jan 2022 ,New Orleans Pelicans,Boston Celtics,3.23,1.37
29 Jan 2022 ,Milwaukee Bucks,New York Knicks,1.25,4.22
29 Jan 2022 ,Phoenix Suns,Minnesota Timberwolves,1.28,3.87
29 Jan 2022 ,San Antonio Spurs,Chicago Bulls,1.80,2.07
29 Jan 2022 ,Houston Rockets,Portland Trail Blazers,2.22,1.70
29 Jan 2022 ,Memphis Grizzlies,Utah Jazz,1.52,2.62
29 Jan 2022 ,Miami Heat,Los Angeles Clippers,1.28,3.93
29 Jan 2022 ,New Orleans Pelicans,Denver Nuggets,2.48,1.58
29 Jan 2022 ,Oklahoma City Thunder,Indiana Pacers,2.08,1.79
29 Jan 2022 ,Atlanta Hawks,Boston Celtics,1.81,2.06
29 Jan 2022 ,Charlotte Hornets,Los Angeles Lakers,1.23,4.36
29 Jan 2022 ,Orlando Magic,Detroit Pistons,1.64,2.34
28 Jan 2022 ,Golden State Warriors,Minnesota Timberwolves,1.40,3.09
28 Jan 2022 ,Philadelphia 76ers,Los Angeles Lakers,1.42,3.02
27 Jan 2022 ,Portland Trail Blazers,Dallas Mavericks,2.63,1.52
27 Jan 2022 ,Utah Jazz,Phoenix Suns,1.95,1.90
27 Jan 2022 ,San Antonio Spurs,Memphis Grizzlies,2.45,1.59
27 Jan 2022 ,Brooklyn Nets,Denver Nuggets,2.78,1.48
27 Jan 2022 ,Chicago Bulls,Toronto Raptors,1.55,2.55
27 Jan 2022 ,Atlanta Hawks,Sacramento Kings,1.17,5.34
27 Jan 2022 ,Miami Heat,New York Knicks,1.42,2.99
27 Jan 2022 ,Cleveland Cavaliers,Milwaukee Bucks,2.46,1.58
27 Jan 2022 ,Indiana Pacers,Charlotte Hornets,2.14,1.75
27 Jan 2022 ,Orlando Magic,Los Angeles Clippers,1.85,2.00
26 Jan 2022 ,Golden State Warriors,Dallas Mavericks,1.61,2.40
26 Jan 2022 ,Portland Trail Blazers,Minnesota Timberwolves,2.29,1.66
26 Jan 2022 ,Houston Rockets,San Antonio Spurs,2.66,1.51
26 Jan 2022 ,Boston Celtics,Sacramento Kings,1.23,4.44
26 Jan 2022 ,Brooklyn Nets,Los Angeles Lakers,2.39,1.62
26 Jan 2022 ,Detroit Pistons,Denver Nuggets,3.27,1.36
26 Jan 2022 ,Philadelphia 76ers,New Orleans Pelicans,1.16,5.71
26 Jan 2022 ,Toronto Raptors,Charlotte Hornets,2.00,1.85
26 Jan 2022 ,Washington Wizards,Los Angeles Clippers,1.50,2.68
25 Jan 2022 ,Phoenix Suns,Utah Jazz,1.14,6.36
25 Jan 2022 ,New Orleans Pelicans,Indiana Pacers,1.60,2.42
25 Jan 2022 ,Oklahoma City Thunder,Chicago Bulls,1.97,1.87
25 Jan 2022 ,Cleveland Cavaliers,New York Knicks,1.51,2.66
24 Jan 2022 ,Golden State Warriors,Utah Jazz,1.78,2.09
24 Jan 2022 ,Denver Nuggets,Detroit Pistons,1.13,6.57
24 Jan 2022 ,Minnesota Timberwolves,Brooklyn Nets,1.70,2.23
24 Jan 2022 ,Dallas Mavericks,Memphis Grizzlies,1.59,2.46
24 Jan 2022 ,Charlotte Hornets,Atlanta Hawks,1.81,2.04
24 Jan 2022 ,San Antonio Spurs,Philadelphia 76ers,1.96,1.88
24 Jan 2022 ,Miami Heat,Los Angeles Lakers,1.60,2.43
24 Jan 2022 ,Orlando Magic,Chicago Bulls,2.39,1.61
24 Jan 2022 ,Toronto Raptors,Portland Trail Blazers,1.31,3.66
24 Jan 2022 ,Washington Wizards,Boston Celtics,2.16,1.73
24 Jan 2022 ,New York Knicks,Los Angeles Clippers,1.57,2.51
23 Jan 2022 ,Phoenix Suns,Indiana Pacers,1.10,7.63
23 Jan 2022 ,Cleveland Cavaliers,Oklahoma City Thunder,1.13,6.61
23 Jan 2022 ,Milwaukee Bucks,Sacramento Kings,1.34,3.42
22 Jan 2022 ,Golden State Warriors,Houston Rockets,1.16,5.76
22 Jan 2022 ,Denver Nuggets,Memphis Grizzlies,1.61,2.38
22 Jan 2022 ,Utah Jazz,Detroit Pistons,1.08,8.61
22 Jan 2022 ,San Antonio Spurs,Brooklyn Nets,1.95,1.90
22 Jan 2022 ,Milwaukee Bucks,Chicago Bulls,1.18,5.17
22 Jan 2022 ,Washington Wizards,Toronto Raptors,2.15,1.73
22 Jan 2022 ,Atlanta Hawks,Miami Heat,1.82,2.05
22 Jan 2022 ,Boston Celtics,Portland Trail Blazers,1.31,3.69
22 Jan 2022 ,Charlotte Hornets,Oklahoma City Thunder,1.25,4.18
22 Jan 2022 ,Orlando Magic,Los Angeles Lakers,2.66,1.51
22 Jan 2022 ,Philadelphia 76ers,Los Angeles Clippers,1.32,3.56
21 Jan 2022 ,Golden State Warriors,Indiana Pacers,1.07,9.49
21 Jan 2022 ,Dallas Mavericks,Phoenix Suns,2.14,1.75
21 Jan 2022 ,New York Knicks,New Orleans Pelicans,1.62,2.37
20 Jan 2022 ,Los Angeles Lakers,Indiana Pacers,1.62,2.37
20 Jan 2022 ,Denver Nuggets,Los Angeles Clippers,1.23,4.37
20 Jan 2022 ,Sacramento Kings,Detroit Pistons,1.34,3.39
20 Jan 2022 ,Utah Jazz,Houston Rockets,1.09,7.98
20 Jan 2022 ,Dallas Mavericks,Toronto Raptors,1.54,2.56
20 Jan 2022 ,San Antonio Spurs,Oklahoma City Thunder,1.37,3.25
20 Jan 2022 ,Chicago Bulls,Cleveland Cavaliers,2.32,1.64
20 Jan 2022 ,Milwaukee Bucks,Memphis Grizzlies,1.39,3.11
20 Jan 2022 ,Atlanta Hawks,Minnesota Timberwolves,1.84,2.01
20 Jan 2022 ,Boston Celtics,Charlotte Hornets,1.69,2.23
20 Jan 2022 ,Miami Heat,Portland Trail Blazers,1.24,4.30
20 Jan 2022 ,Philadelphia 76ers,Orlando Magic,1.13,6.36
20 Jan 2022 ,Washington Wizards,Brooklyn Nets,1.89,1.94
19 Jan 2022 ,Golden State Warriors,Detroit Pistons,1.06,10.10
19 Jan 2022 ,New York Knicks,Minnesota Timberwolves,2.33,1.64
18 Jan 2022 ,Los Angeles Lakers,Utah Jazz,2.80,1.47
18 Jan 2022 ,Dallas Mavericks,Oklahoma City Thunder,1.14,6.07
18 Jan 2022 ,San Antonio Spurs,Phoenix Suns,2.46,1.59
18 Jan 2022 ,Miami Heat,Toronto Raptors,1.56,2.51
18 Jan 2022 ,Orlando Magic,Portland Trail Blazers,2.11,1.77
18 Jan 2022 ,Atlanta Hawks,Milwaukee Bucks,2.67,1.51
18 Jan 2022 ,Los Angeles Clippers,Indiana Pacers,1.73,2.17
18 Jan 2022 ,Memphis Grizzlies,Chicago Bulls,1.27,3.98
18 Jan 2022 ,Cleveland Cavaliers,Brooklyn Nets,1.56,2.51
18 Jan 2022 ,Washington Wizards,Philadelphia 76ers,2.10,1.78
18 Jan 2022 ,New York Knicks,Charlotte Hornets,1.74,2.15
18 Jan 2022 ,Boston Celtics,New Orleans Pelicans,1.56,2.51
17 Jan 2022 ,Denver Nuggets,Utah Jazz,2.76,1.48
17 Jan 2022 ,Minnesota Timberwolves,Golden State Warriors,1.55,2.58
17 Jan 2022 ,Sacramento Kings,Houston Rockets,1.53,2.61
17 Jan 2022 ,Detroit Pistons,Phoenix Suns,6.42,1.13
16 Jan 2022 ,Dallas Mavericks,Orlando Magic,1.15,5.85
16 Jan 2022 ,Denver Nuggets,Los Angeles Lakers,1.56,2.51
16 Jan 2022 ,Boston Celtics,Chicago Bulls,1.34,3.44
16 Jan 2022 ,San Antonio Spurs,Los Angeles Clippers,1.83,2.03
16 Jan 2022 ,Miami Heat,Philadelphia 76ers,1.64,2.36
16 Jan 2022 ,Oklahoma City Thunder,Cleveland Cavaliers,2.72,1.49
16 Jan 2022 ,Atlanta Hawks,New York Knicks,1.83,2.03
16 Jan 2022 ,Brooklyn Nets,New Orleans Pelicans,1.44,2.89
16 Jan 2022 ,Washington Wizards,Portland Trail Blazers,1.34,3.42
16 Jan 2022 ,Milwaukee Bucks,Toronto Raptors,1.32,3.54
15 Jan 2022 ,Memphis Grizzlies,Dallas Mavericks,1.73,2.19
15 Jan 2022 ,Sacramento Kings,Houston Rockets,1.49,2.72
15 Jan 2022 ,San Antonio Spurs,Cleveland Cavaliers,2.28,1.66
15 Jan 2022 ,Miami Heat,Atlanta Hawks,1.48,2.76
15 Jan 2022 ,Chicago Bulls,Golden State Warriors,1.72,2.20
15 Jan 2022 ,Charlotte Hornets,Orlando Magic,1.15,5.81
15 Jan 2022 ,Indiana Pacers,Phoenix Suns,2.95,1.43
15 Jan 2022 ,Detroit Pistons,Toronto Raptors,4.27,1.25
15 Jan 2022 ,Philadelphia 76ers,Boston Celtics,1.65,2.30
14 Jan 2022 ,Denver Nuggets,Portland Trail Blazers,1.16,5.63
14 Jan 2022 ,Brooklyn Nets,Oklahoma City Thunder,1.44,2.92
14 Jan 2022 ,Memphis Grizzlies,Minnesota Timberwolves,1.65,2.31
14 Jan 2022 ,New Orleans Pelicans,Los Angeles Clippers,1.60,2.41
14 Jan 2022 ,Milwaukee Bucks,Golden State Warriors,1.90,1.95
13 Jan 2022 ,Chicago Bulls,Brooklyn Nets,2.06,1.81
13 Jan 2022 ,Sacramento Kings,Los Angeles Lakers,2.46,1.58
13 Jan 2022 ,Utah Jazz,Cleveland Cavaliers,1.50,2.68
13 Jan 2022 ,San Antonio Spurs,Houston Rockets,1.33,3.45
13 Jan 2022 ,Atlanta Hawks,Miami Heat,1.72,2.20
13 Jan 2022 ,New York Knicks,Dallas Mavericks,2.22,1.71
13 Jan 2022 ,Indiana Pacers,Boston Celtics,1.87,1.98
13 Jan 2022 ,Philadelphia 76ers,Charlotte Hornets,1.47,2.77
13 Jan 2022 ,Washington Wizards,Orlando Magic,1.40,3.07
12 Jan 2022 ,Los Angeles Clippers,Denver Nuggets,2.18,1.72
12 Jan 2022 ,Chicago Bulls,Detroit Pistons,1.09,8.64
12 Jan 2022 ,Memphis Grizzlies,Golden State Warriors,2.13,1.76
12 Jan 2022 ,New Orleans Pelicans,Minnesota Timberwolves,2.34,1.64
12 Jan 2022 ,Toronto Raptors,Phoenix Suns,2.59,1.53
12 Jan 2022 ,Washington Wizards,Oklahoma City Thunder,1.35,3.36
11 Jan 2022 ,Portland Trail Blazers,Brooklyn Nets,3.87,1.28
11 Jan 2022 ,Sacramento Kings,Cleveland Cavaliers,2.74,1.48
11 Jan 2022 ,Houston Rockets,Philadelphia 76ers,4.80,1.20
11 Jan 2022 ,Boston Celtics,Indiana Pacers,1.26,4.07
11 Jan 2022 ,New York Knicks,San Antonio Spurs,1.41,3.05
11 Jan 2022 ,Charlotte Hornets,Milwaukee Bucks,2.21,1.71
11 Jan 2022 ,Detroit Pistons,Utah Jazz,5.80,1.15
10 Jan 2022 ,Los Angeles Lakers,Memphis Grizzlies,1.64,2.33
10 Jan 2022 ,Portland Trail Blazers,Sacramento Kings,2.06,1.80
10 Jan 2022 ,Golden State Warriors,Cleveland Cavaliers,1.29,3.76
10 Jan 2022 ,Dallas Mavericks,Chicago Bulls,1.78,2.09
10 Jan 2022 ,Houston Rockets,Minnesota Timberwolves,3.20,1.37
10 Jan 2022 ,Oklahoma City Thunder,Denver Nuggets,3.29,1.36
10 Jan 2022 ,Orlando Magic,Washington Wizards,3.44,1.34
10 Jan 2022 ,Toronto Raptors,New Orleans Pelicans,1.34,3.44
10 Jan 2022 ,Los Angeles Clippers,Atlanta Hawks,2.51,1.57
10 Jan 2022 ,Brooklyn Nets,San Antonio Spurs,1.20,4.84
09 Jan 2022 ,Phoenix Suns,Miami Heat,1.22,4.63
09 Jan 2022 ,Boston Celtics,New York Knicks,1.31,3.62
09 Jan 2022 ,Charlotte Hornets,Milwaukee Bucks,1.84,2.02
09 Jan 2022 ,Detroit Pistons,Orlando Magic,1.84,2.01
09 Jan 2022 ,Indiana Pacers,Utah Jazz,2.65,1.52
09 Jan 2022 ,Los Angeles Clippers,Memphis Grizzlies,2.10,1.77
08 Jan 2022 ,Los Angeles Lakers,Atlanta Hawks,1.82,2.05
08 Jan 2022 ,Portland Trail Blazers,Cleveland Cavaliers,2.95,1.43
08 Jan 2022 ,Denver Nuggets,Sacramento Kings,1.30,3.67
08 Jan 2022 ,Houston Rockets,Dallas Mavericks,2.29,1.66
08 Jan 2022 ,Oklahoma City Thunder,Minnesota Timberwolves,2.66,1.51
08 Jan 2022 ,Chicago Bulls,Washington Wizards,1.44,2.87
08 Jan 2022 ,Brooklyn Nets,Milwaukee Bucks,1.54,2.60
08 Jan 2022 ,Toronto Raptors,Utah Jazz,1.10,7.78
08 Jan 2022 ,Philadelphia 76ers,San Antonio Spurs,1.27,3.94
07 Jan 2022 ,Phoenix Suns,Los Angeles Clippers,1.17,5.51
07 Jan 2022 ,Memphis Grizzlies,Detroit Pistons,1.09,8.07
07 Jan 2022 ,New Orleans Pelicans,Golden State Warriors,1.84,2.01
07 Jan 2022 ,New York Knicks,Boston Celtics,2.15,1.75
06 Jan 2022 ,Denver Nuggets,Utah Jazz,1.91,1.94
06 Jan 2022 ,Portland Trail Blazers,Miami Heat,2.16,1.73
06 Jan 2022 ,Sacramento Kings,Atlanta Hawks,1.85,1.99
06 Jan 2022 ,Milwaukee Bucks,Toronto Raptors,1.75,2.14
06 Jan 2022 ,Minnesota Timberwolves,Oklahoma City Thunder,1.24,4.32
06 Jan 2022 ,Boston Celtics,San Antonio Spurs,1.31,3.61
06 Jan 2022 ,Dallas Mavericks,Golden State Warriors,2.59,1.54
06 Jan 2022 ,Indiana Pacers,Brooklyn Nets,4.05,1.26
06 Jan 2022 ,Charlotte Hornets,Detroit Pistons,1.18,5.20
06 Jan 2022 ,Orlando Magic,Philadelphia 76ers,4.07,1.26
06 Jan 2022 ,Washington Wizards,Houston Rockets,1.32,3.54
05 Jan 2022 ,Los Angeles Lakers,Sacramento Kings,1.41,3.05
05 Jan 2022 ,New Orleans Pelicans,Phoenix Suns,3.26,1.36
05 Jan 2022 ,New York Knicks,Indiana Pacers,1.63,2.36
05 Jan 2022 ,Cleveland Cavaliers,Memphis Grizzlies,1.65,2.31
05 Jan 2022 ,Toronto Raptors,San Antonio Spurs,1.36,3.26
04 Jan 2022 ,Los Angeles Clippers,Minnesota Timberwolves,1.63,2.36
04 Jan 2022 ,Golden State Warriors,Miami Heat,1.19,5.12
04 Jan 2022 ,Portland Trail Blazers,Atlanta Hawks,2.51,1.57
04 Jan 2022 ,Dallas Mavericks,Denver Nuggets,1.69,2.25
04 Jan 2022 ,Chicago Bulls,Orlando Magic,1.09,8.13
04 Jan 2022 ,Milwaukee Bucks,Detroit Pistons,1.05,11.59
04 Jan 2022 ,New Orleans Pelicans,Utah Jazz,4.30,1.24
04 Jan 2022 ,Brooklyn Nets,Memphis Grizzlies,1.40,3.09
04 Jan 2022 ,Philadelphia 76ers,Houston Rockets,1.10,7.52
04 Jan 2022 ,Washington Wizards,Charlotte Hornets,1.80,2.08
03 Jan 2022 ,Los Angeles Lakers,Minnesota Timberwolves,1.32,3.56
03 Jan 2022 ,Charlotte Hornets,Phoenix Suns,2.10,1.79
03 Jan 2022 ,Oklahoma City Thunder,Dallas Mavericks,5.09,1.19
03 Jan 2022 ,Boston Celtics,Orlando Magic,1.19,5.08
03 Jan 2022 ,Cleveland Cavaliers,Indiana Pacers,1.56,2.53
03 Jan 2022 ,Sacramento Kings,Miami Heat,2.38,1.62
03 Jan 2022 ,Toronto Raptors,New York Knicks,1.27,3.95
02 Jan 2022 ,Utah Jazz,Golden State Warriors,1.51,2.67
02 Jan 2022 ,Houston Rockets,Denver Nuggets,3.56,1.32
02 Jan 2022 ,Brooklyn Nets,Los Angeles Clippers,1.09,8.45
02 Jan 2022 ,Detroit Pistons,San Antonio Spurs,3.16,1.38
02 Jan 2022 ,Washington Wizards,Chicago Bulls,2.12,1.77
02 Jan 2022 ,Milwaukee Bucks,New Orleans Pelicans,1.12,7.01
01 Jan 2022 ,Los Angeles Lakers,Portland Trail Blazers,1.42,2.99
01 Jan 2022 ,Utah Jazz,Minnesota Timberwolves,1.12,6.92
01 Jan 2022 ,Memphis Grizzlies,San Antonio Spurs,1.46,2.82
01 Jan 2022 ,Oklahoma City Thunder,New York Knicks,2.24,1.69
01 Jan 2022 ,Cleveland Cavaliers,Atlanta Hawks,1.80,2.07
01 Jan 2022 ,Toronto Raptors,Los Angeles Clippers,1.38,3.18
01 Jan 2022 ,Houston Rockets,Miami Heat,2.74,1.48
01 Jan 2022 ,Sacramento Kings,Dallas Mavericks,1.97,1.88
01 Jan 2022 ,Indiana Pacers,Chicago Bulls,2.38,1.62
01 Jan 2022 ,Boston Celtics,Phoenix Suns,2.38,1.62
31 Dec 2021 ,Brooklyn Nets,Philadelphia 76ers,1.49,2.72
31 Dec 2021 ,Orlando Magic,Milwaukee Bucks,8.73,1.08
31 Dec 2021 ,Washington Wizards,Cleveland Cavaliers,1.57,2.49
30 Dec 2021 ,Sacramento Kings,Dallas Mavericks,1.94,1.90
30 Dec 2021 ,Portland Trail Blazers,Utah Jazz,3.66,1.31
30 Dec 2021 ,Phoenix Suns,Oklahoma City Thunder,1.05,10.87
30 Dec 2021 ,Chicago Bulls,Atlanta Hawks,1.28,3.84
30 Dec 2021 ,Memphis Grizzlies,Los Angeles Lakers,1.44,2.89
30 Dec 2021 ,Boston Celtics,Los Angeles Clippers,1.43,2.93
30 Dec 2021 ,Detroit Pistons,New York Knicks,3.97,1.27
30 Dec 2021 ,Indiana Pacers,Charlotte Hornets,1.61,2.39
29 Dec 2021 ,Golden State Warriors,Denver Nuggets,1.28,3.88
29 Dec 2021 ,Sacramento Kings,Oklahoma City Thunder,1.45,2.86
29 Dec 2021 ,Houston Rockets,Los Angeles Lakers,2.91,1.44
29 Dec 2021 ,Minnesota Timberwolves,New York Knicks,2.71,1.49
29 Dec 2021 ,New Orleans Pelicans,Cleveland Cavaliers,2.66,1.51
29 Dec 2021 ,Miami Heat,Washington Wizards,1.31,3.59
29 Dec 2021 ,Toronto Raptors,Philadelphia 76ers,3.01,1.42
29 Dec 2021 ,Orlando Magic,Milwaukee Bucks,9.20,1.07
28 Dec 2021 ,Los Angeles Clippers,Brooklyn Nets,2.39,1.61
28 Dec 2021 ,Portland Trail Blazers,Dallas Mavericks,1.67,2.28
28 Dec 2021 ,Phoenix Suns,Memphis Grizzlies,1.30,3.67
28 Dec 2021 ,San Antonio Spurs,Utah Jazz,3.27,1.36
28 Dec 2021 ,Minnesota Timberwolves,Boston Celtics,2.70,1.49
28 Dec 2021 ,Atlanta Hawks,Chicago Bulls,2.39,1.62
28 Dec 2021 ,Charlotte Hornets,Houston Rockets,1.29,3.74
27 Dec 2021 ,Los Angeles Clippers,Denver Nuggets,2.38,1.63
27 Dec 2021 ,Chicago Bulls,Indiana Pacers,1.56,2.53
27 Dec 2021 ,Oklahoma City Thunder,New Orleans Pelicans,2.07,1.80
27 Dec 2021 ,San Antonio Spurs,Detroit Pistons,1.20,4.82
27 Dec 2021 ,Cleveland Cavaliers,Toronto Raptors,1.26,4.12
27 Dec 2021 ,Sacramento Kings,Memphis Grizzlies,2.24,1.69
27 Dec 2021 ,Washington Wizards,Philadelphia 76ers,2.45,1.59
27 Dec 2021 ,Miami Heat,Orlando Magic,1.18,5.30
26 Dec 2021 ,Utah Jazz,Dallas Mavericks,1.10,7.61
26 Dec 2021 ,Los Angeles Lakers,Brooklyn Nets,1.72,2.19
26 Dec 2021 ,Phoenix Suns,Golden State Warriors,1.42,3.02
26 Dec 2021 ,Milwaukee Bucks,Boston Celtics,1.32,3.56
26 Dec 2021 ,New York Knicks,Atlanta Hawks,1.41,3.03
24 Dec 2021 ,Los Angeles Lakers,San Antonio Spurs,1.83,2.03
24 Dec 2021 ,Golden State Warriors,Memphis Grizzlies,1.46,2.82
24 Dec 2021 ,Denver Nuggets,Charlotte Hornets,1.74,2.15
24 Dec 2021 ,Phoenix Suns,Oklahoma City Thunder,1.07,9.54
24 Dec 2021 ,Utah Jazz,Minnesota Timberwolves,1.07,9.42
24 Dec 2021 ,Dallas Mavericks,Milwaukee Bucks,2.45,1.59
24 Dec 2021 ,Miami Heat,Detroit Pistons,1.12,6.67
24 Dec 2021 ,New York Knicks,Washington Wizards,1.71,2.21
24 Dec 2021 ,Indiana Pacers,Houston Rockets,1.38,3.17
24 Dec 2021 ,Orlando Magic,New Orleans Pelicans,2.64,1.52
24 Dec 2021 ,Philadelphia 76ers,Atlanta Hawks,1.15,5.77
23 Dec 2021 ,Sacramento Kings,Los Angeles Clippers,2.54,1.55
23 Dec 2021 ,Milwaukee Bucks,Houston Rockets,1.24,4.25
23 Dec 2021 ,Oklahoma City Thunder,Denver Nuggets,3.22,1.37
23 Dec 2021 ,Atlanta Hawks,Orlando Magic,1.33,3.50
23 Dec 2021 ,Boston Celtics,Cleveland Cavaliers,1.39,3.10
22 Dec 2021 ,Los Angeles Lakers,Phoenix Suns,3.40,1.34
22 Dec 2021 ,Dallas Mavericks,Minnesota Timberwolves,2.14,1.74
22 Dec 2021 ,New Orleans Pelicans,Portland Trail Blazers,1.80,2.08
22 Dec 2021 ,Miami Heat,Indiana Pacers,2.15,1.74
22 Dec 2021 ,New York Knicks,Detroit Pistons,1.32,3.53
21 Dec 2021 ,Los Angeles Clippers,San Antonio Spurs,1.40,3.08
21 Dec 2021 ,Golden State Warriors,Sacramento Kings,1.10,7.38
21 Dec 2021 ,Utah Jazz,Charlotte Hornets,1.11,7.07
21 Dec 2021 ,Chicago Bulls,Houston Rockets,1.33,3.45
21 Dec 2021 ,Memphis Grizzlies,Oklahoma City Thunder,1.24,4.26
21 Dec 2021 ,Boston Celtics,Philadelphia 76ers,1.61,2.41
20 Dec 2021 ,Chicago Bulls,Los Angeles Lakers,1.35,3.39
20 Dec 2021 ,Minnesota Timberwolves,Dallas Mavericks,1.61,2.39
20 Dec 2021 ,Phoenix Suns,Charlotte Hornets,1.26,4.08
20 Dec 2021 ,Detroit Pistons,Miami Heat,3.34,1.35
20 Dec 2021 ,Memphis Grizzlies,Portland Trail Blazers,1.55,2.54
20 Dec 2021 ,Sacramento Kings,San Antonio Spurs,2.66,1.51
19 Dec 2021 ,Milwaukee Bucks,Cleveland Cavaliers,2.69,1.50
19 Dec 2021 ,Utah Jazz,Washington Wizards,1.22,4.60
19 Dec 2021 ,Oklahoma City Thunder,Los Angeles Clippers,2.58,1.54
19 Dec 2021 ,Brooklyn Nets,Orlando Magic,1.47,2.77
19 Dec 2021 ,Toronto Raptors,Golden State Warriors,1.29,3.79
19 Dec 2021 ,Boston Celtics,New York Knicks,1.44,2.91
19 Dec 2021 ,Detroit Pistons,Houston Rockets,1.94,1.91
18 Dec 2021 ,Minnesota Timberwolves,Los Angeles Lakers,1.96,1.88
18 Dec 2021 ,Portland Trail Blazers,Charlotte Hornets,1.80,2.06
18 Dec 2021 ,Sacramento Kings,Memphis Grizzlies,3.20,1.38
18 Dec 2021 ,Utah Jazz,San Antonio Spurs,1.14,6.20
18 Dec 2021 ,New Orleans Pelicans,Milwaukee Bucks,1.84,2.02
18 Dec 2021 ,Atlanta Hawks,Denver Nuggets,1.63,2.37
18 Dec 2021 ,Boston Celtics,Golden State Warriors,2.55,1.56
18 Dec 2021 ,Orlando Magic,Miami Heat,4.20,1.25
17 Dec 2021 ,Phoenix Suns,Washington Wizards,1.25,4.26
17 Dec 2021 ,Houston Rockets,New York Knicks,2.85,1.46
17 Dec 2021 ,Brooklyn Nets,Philadelphia 76ers,2.16,1.74
17 Dec 2021 ,Indiana Pacers,Detroit Pistons,1.19,4.99
16 Dec 2021 ,Portland Trail Blazers,Memphis Grizzlies,2.07,1.81
16 Dec 2021 ,Utah Jazz,Los Angeles Clippers,1.14,6.15
16 Dec 2021 ,Sacramento Kings,Washington Wizards,2.09,1.79
16 Dec 2021 ,Denver Nuggets,Minnesota Timberwolves,1.55,2.54
16 Dec 2021 ,San Antonio Spurs,Charlotte Hornets,1.64,2.33
16 Dec 2021 ,Milwaukee Bucks,Indiana Pacers,2.28,1.67
16 Dec 2021 ,Oklahoma City Thunder,New Orleans Pelicans,2.60,1.53
16 Dec 2021 ,Dallas Mavericks,Los Angeles Lakers,2.29,1.67
16 Dec 2021 ,Cleveland Cavaliers,Houston Rockets,1.23,4.43
16 Dec 2021 ,Orlando Magic,Atlanta Hawks,3.55,1.32
16 Dec 2021 ,Philadelphia 76ers,Miami Heat,1.31,3.62
15 Dec 2021 ,Portland Trail Blazers,Phoenix Suns,2.00,1.87
15 Dec 2021 ,Brooklyn Nets,Toronto Raptors,1.61,2.40
15 Dec 2021 ,New York Knicks,Golden State Warriors,2.93,1.43
14 Dec 2021 ,Los Angeles Clippers,Phoenix Suns,2.37,1.63
14 Dec 2021 ,Denver Nuggets,Washington Wizards,1.61,2.41
14 Dec 2021 ,Dallas Mavericks,Charlotte Hornets,1.70,2.22
14 Dec 2021 ,Memphis Grizzlies,Philadelphia 76ers,2.16,1.74
14 Dec 2021 ,Atlanta Hawks,Houston Rockets,1.18,5.19
14 Dec 2021 ,Boston Celtics,Milwaukee Bucks,1.95,1.91
14 Dec 2021 ,Cleveland Cavaliers,Miami Heat,1.48,2.77
14 Dec 2021 ,Indiana Pacers,Golden State Warriors,2.49,1.58
14 Dec 2021 ,Toronto Raptors,Sacramento Kings,1.54,2.60
13 Dec 2021 ,Los Angeles Lakers,Orlando Magic,1.22,4.61
13 Dec 2021 ,Portland Trail Blazers,Minnesota Timberwolves,1.69,2.26
13 Dec 2021 ,Oklahoma City Thunder,Dallas Mavericks,2.51,1.57
13 Dec 2021 ,San Antonio Spurs,New Orleans Pelicans,1.78,2.10
13 Dec 2021 ,Detroit Pistons,Brooklyn Nets,3.52,1.33
13 Dec 2021 ,New York Knicks,Milwaukee Bucks,3.01,1.42
12 Dec 2021 ,Philadelphia 76ers,Golden State Warriors,2.32,1.65
12 Dec 2021 ,San Antonio Spurs,Denver Nuggets,1.92,1.93
12 Dec 2021 ,Cleveland Cavaliers,Sacramento Kings,1.40,3.11
12 Dec 2021 ,Memphis Grizzlies,Houston Rockets,1.29,3.78
12 Dec 2021 ,Miami Heat,Chicago Bulls,2.07,1.80
12 Dec 2021 ,Washington Wizards,Utah Jazz,3.28,1.36
12 Dec 2021 ,Los Angeles Clippers,Orlando Magic,1.27,3.99
11 Dec 2021 ,Phoenix Suns,Boston Celtics,1.65,2.34
11 Dec 2021 ,Houston Rockets,Milwaukee Bucks,4.45,1.23
11 Dec 2021 ,Minnesota Timberwolves,Cleveland Cavaliers,2.08,1.79
11 Dec 2021 ,New Orleans Pelicans,Detroit Pistons,1.40,3.09
11 Dec 2021 ,Oklahoma City Thunder,Los Angeles Lakers,2.42,1.60
11 Dec 2021 ,Atlanta Hawks,Brooklyn Nets,1.79,2.09
11 Dec 2021 ,Toronto Raptors,New York Knicks,1.81,2.06
11 Dec 2021 ,Charlotte Hornets,Sacramento Kings,2.04,1.82
11 Dec 2021 ,Indiana Pacers,Dallas Mavericks,1.78,2.10
10 Dec 2021 ,San Antonio Spurs,Denver Nuggets,1.75,2.14
10 Dec 2021 ,Memphis Grizzlies,Los Angeles Lakers,2.49,1.58
10 Dec 2021 ,Philadelphia 76ers,Utah Jazz,2.24,1.70
09 Dec 2021 ,Los Angeles Clippers,Boston Celtics,1.81,2.07
09 Dec 2021 ,Golden State Warriors,Portland Trail Blazers,1.07,10.23
09 Dec 2021 ,Sacramento Kings,Orlando Magic,1.33,3.48
09 Dec 2021 ,Houston Rockets,Brooklyn Nets,2.43,1.60
09 Dec 2021 ,Memphis Grizzlies,Dallas Mavericks,1.83,2.04
09 Dec 2021 ,Minnesota Timberwolves,Utah Jazz,3.23,1.37
09 Dec 2021 ,New Orleans Pelicans,Denver Nuggets,2.13,1.76
09 Dec 2021 ,Miami Heat,Milwaukee Bucks,3.22,1.38
09 Dec 2021 ,Toronto Raptors,Oklahoma City Thunder,1.30,3.71
09 Dec 2021 ,Charlotte Hornets,Philadelphia 76ers,3.10,1.40
09 Dec 2021 ,Cleveland Cavaliers,Chicago Bulls,1.63,2.36
09 Dec 2021 ,Detroit Pistons,Washington Wizards,2.75,1.48
09 Dec 2021 ,Indiana Pacers,New York Knicks,1.51,2.67
08 Dec 2021 ,Los Angeles Lakers,Boston Celtics,1.69,2.24
08 Dec 2021 ,San Antonio Spurs,New York Knicks,2.06,1.80
08 Dec 2021 ,Dallas Mavericks,Brooklyn Nets,2.06,1.81
07 Dec 2021 ,Golden State Warriors,Orlando Magic,1.06,11.01
07 Dec 2021 ,Portland Trail Blazers,Los Angeles Clippers,2.61,1.54
07 Dec 2021 ,Phoenix Suns,San Antonio Spurs,1.33,3.46
07 Dec 2021 ,Chicago Bulls,Denver Nuggets,1.77,2.11
07 Dec 2021 ,Milwaukee Bucks,Cleveland Cavaliers,1.27,3.99
07 Dec 2021 ,Minnesota Timberwolves,Atlanta Hawks,1.80,2.08
07 Dec 2021 ,Miami Heat,Memphis Grizzlies,1.44,2.90
07 Dec 2021 ,Charlotte Hornets,Philadelphia 76ers,3.60,1.31
07 Dec 2021 ,Detroit Pistons,Oklahoma City Thunder,1.66,2.29
07 Dec 2021 ,Indiana Pacers,Washington Wizards,1.44,2.90
06 Dec 2021 ,Houston Rockets,New Orleans Pelicans,2.25,1.68
06 Dec 2021 ,Atlanta Hawks,Charlotte Hornets,1.33,3.52
06 Dec 2021 ,Toronto Raptors,Washington Wizards,1.86,1.99
06 Dec 2021 ,Cleveland Cavaliers,Utah Jazz,2.74,1.48
05 Dec 2021 ,Portland Trail Blazers,Boston Celtics,1.87,1.97
05 Dec 2021 ,Sacramento Kings,Los Angeles Clippers,2.08,1.79
05 Dec 2021 ,Dallas Mavericks,Memphis Grizzlies,1.96,1.89
05 Dec 2021 ,Golden State Warriors,San Antonio Spurs,1.23,4.47
05 Dec 2021 ,Brooklyn Nets,Chicago Bulls,1.70,2.22
05 Dec 2021 ,Milwaukee Bucks,Miami Heat,1.40,3.10
05 Dec 2021 ,New York Knicks,Denver Nuggets,1.74,2.16
04 Dec 2021 ,Golden State Warriors,Phoenix Suns,1.35,3.42
04 Dec 2021 ,Los Angeles Lakers,Los Angeles Clippers,1.73,2.17
04 Dec 2021 ,Utah Jazz,Boston Celtics,1.29,3.82
04 Dec 2021 ,Dallas Mavericks,New Orleans Pelicans,1.34,3.39
04 Dec 2021 ,Houston Rockets,Orlando Magic,1.66,2.29
04 Dec 2021 ,Atlanta Hawks,Philadelphia 76ers,1.71,2.20
04 Dec 2021 ,Brooklyn Nets,Minnesota Timberwolves,1.24,4.28
04 Dec 2021 ,Indiana Pacers,Miami Heat,1.46,2.82
04 Dec 2021 ,Washington Wizards,Cleveland Cavaliers,1.68,2.25
03 Dec 2021 ,Portland Trail Blazers,San Antonio Spurs,1.50,2.70
03 Dec 2021 ,Phoenix Suns,Detroit Pistons,1.14,6.15
03 Dec 2021 ,Memphis Grizzlies,Oklahoma City Thunder,1.18,5.14
03 Dec 2021 ,New York Knicks,Chicago Bulls,2.12,1.77
03 Dec 2021 ,Toronto Raptors,Milwaukee Bucks,2.45,1.64
02 Dec 2021 ,Los Angeles Clippers,Sacramento Kings,1.41,3.04
02 Dec 2021 ,New Orleans Pelicans,Dallas Mavericks,2.50,1.57
02 Dec 2021 ,Oklahoma City Thunder,Houston Rockets,1.75,2.14
02 Dec 2021 ,Milwaukee Bucks,Charlotte Hornets,1.26,4.10
02 Dec 2021 ,Boston Celtics,Philadelphia 76ers,1.68,2.27
02 Dec 2021 ,Miami Heat,Cleveland Cavaliers,1.67,2.27
02 Dec 2021 ,Indiana Pacers,Atlanta Hawks,1.76,2.11
02 Dec 2021 ,Orlando Magic,Denver Nuggets,3.79,1.29
02 Dec 2021 ,Washington Wizards,Minnesota Timberwolves,1.60,2.42
01 Dec 2021 ,Phoenix Suns,Golden State Warriors,1.66,2.31
01 Dec 2021 ,Portland Trail Blazers,Detroit Pistons,1.29,3.82
01 Dec 2021 ,Sacramento Kings,Los Angeles Lakers,1.87,1.98
01 Dec 2021 ,Brooklyn Nets,New York Knicks,1.40,3.11
01 Dec 2021 ,Toronto Raptors,Memphis Grizzlies,1.69,2.24
30 Nov 2021 ,Los Angeles Clippers,New Orleans Pelicans,1.34,3.40
30 Nov 2021 ,Utah Jazz,Portland Trail Blazers,1.36,3.33
30 Nov 2021 ,Dallas Mavericks,Cleveland Cavaliers,1.37,3.24
30 Nov 2021 ,San Antonio Spurs,Washington Wizards,2.33,1.65
30 Nov 2021 ,Chicago Bulls,Charlotte Hornets,1.47,2.77
30 Nov 2021 ,Houston Rockets,Oklahoma City Thunder,1.72,2.19
30 Nov 2021 ,Minnesota Timberwolves,Indiana Pacers,1.59,2.44
30 Nov 2021 ,Miami Heat,Denver Nuggets,1.66,2.30
30 Nov 2021 ,Philadelphia 76ers,Orlando Magic,1.10,7.95
29 Nov 2021 ,Los Angeles Lakers,Detroit Pistons,1.19,5.09
29 Nov 2021 ,Memphis Grizzlies,Sacramento Kings,1.58,2.46
29 Nov 2021 ,Toronto Raptors,Boston Celtics,2.06,1.82
29 Nov 2021 ,Indiana Pacers,Milwaukee Bucks,2.12,1.76
29 Nov 2021 ,Los Angeles Clippers,Golden State Warriors,2.22,1.70
28 Nov 2021 ,Utah Jazz,New Orleans Pelicans,1.11,7.35
28 Nov 2021 ,Dallas Mavericks,Washington Wizards,1.39,3.15
28 Nov 2021 ,Chicago Bulls,Miami Heat,1.95,1.90
28 Nov 2021 ,Cleveland Cavaliers,Orlando Magic,1.20,4.81
28 Nov 2021 ,Houston Rockets,Charlotte Hornets,2.77,1.47
28 Nov 2021 ,Atlanta Hawks,New York Knicks,1.31,3.65
28 Nov 2021 ,Brooklyn Nets,Phoenix Suns,1.80,2.08
28 Nov 2021 ,Philadelphia 76ers,Minnesota Timberwolves,1.39,3.15
27 Nov 2021 ,Los Angeles Lakers,Sacramento Kings,1.31,3.61
27 Nov 2021 ,Golden State Warriors,Portland Trail Blazers,1.41,3.08
27 Nov 2021 ,Denver Nuggets,Milwaukee Bucks,3.22,1.38
27 Nov 2021 ,Utah Jazz,New Orleans Pelicans,1.10,7.66
27 Nov 2021 ,San Antonio Spurs,Boston Celtics,2.57,1.54
27 Nov 2021 ,Indiana Pacers,Toronto Raptors,1.50,2.71
27 Nov 2021 ,Memphis Grizzlies,Atlanta Hawks,1.97,1.87
27 Nov 2021 ,Oklahoma City Thunder,Washington Wizards,3.14,1.39
27 Nov 2021 ,Charlotte Hornets,Minnesota Timberwolves,1.76,2.12
27 Nov 2021 ,New York Knicks,Phoenix Suns,2.42,1.60
27 Nov 2021 ,Orlando Magic,Chicago Bulls,4.42,1.23
27 Nov 2021 ,Los Angeles Clippers,Detroit Pistons,1.15,5.98
25 Nov 2021 ,Golden State Warriors,Philadelphia 76ers,1.21,4.85
25 Nov 2021 ,Sacramento Kings,Portland Trail Blazers,2.44,1.59
25 Nov 2021 ,San Antonio Spurs,Atlanta Hawks,2.41,1.60
25 Nov 2021 ,Houston Rockets,Chicago Bulls,4.48,1.23
25 Nov 2021 ,Milwaukee Bucks,Detroit Pistons,1.07,10.02
25 Nov 2021 ,Memphis Grizzlies,Toronto Raptors,1.62,2.38
25 Nov 2021 ,Minnesota Timberwolves,Miami Heat,1.93,1.91
25 Nov 2021 ,New Orleans Pelicans,Washington Wizards,2.43,1.60
25 Nov 2021 ,Oklahoma City Thunder,Utah Jazz,8.61,1.08
25 Nov 2021 ,Boston Celtics,Brooklyn Nets,1.83,2.03
25 Nov 2021 ,Cleveland Cavaliers,Phoenix Suns,3.45,1.34
25 Nov 2021 ,Indiana Pacers,Los Angeles Lakers,1.40,3.08
25 Nov 2021 ,Orlando Magic,Charlotte Hornets,3.62,1.31
24 Nov 2021 ,Los Angeles Clippers,Dallas Mavericks,1.68,2.26
24 Nov 2021 ,Portland Trail Blazers,Denver Nuggets,1.23,4.51
24 Nov 2021 ,New York Knicks,Los Angeles Lakers,1.54,2.60
24 Nov 2021 ,Detroit Pistons,Miami Heat,5.02,1.19
23 Nov 2021 ,Sacramento Kings,Philadelphia 76ers,1.51,2.68
23 Nov 2021 ,Utah Jazz,Memphis Grizzlies,1.18,5.18
23 Nov 2021 ,San Antonio Spurs,Phoenix Suns,2.81,1.46
23 Nov 2021 ,Chicago Bulls,Indiana Pacers,1.84,2.01
23 Nov 2021 ,Milwaukee Bucks,Orlando Magic,1.09,8.10
23 Nov 2021 ,New Orleans Pelicans,Minnesota Timberwolves,2.37,1.63
23 Nov 2021 ,Atlanta Hawks,Oklahoma City Thunder,1.10,7.53
23 Nov 2021 ,Boston Celtics,Houston Rockets,1.15,5.91
23 Nov 2021 ,Cleveland Cavaliers,Brooklyn Nets,2.83,1.46
23 Nov 2021 ,Washington Wizards,Charlotte Hornets,1.53,2.61
22 Nov 2021 ,Golden State Warriors,Toronto Raptors,1.25,4.14
22 Nov 2021 ,Chicago Bulls,New York Knicks,1.46,2.84
22 Nov 2021 ,Phoenix Suns,Denver Nuggets,1.20,4.91
22 Nov 2021 ,Detroit Pistons,Los Angeles Lakers,3.46,1.34
22 Nov 2021 ,Los Angeles Clippers,Dallas Mavericks,1.46,2.84
21 Nov 2021 ,Portland Trail Blazers,Philadelphia 76ers,1.35,3.39
21 Nov 2021 ,Sacramento Kings,Utah Jazz,3.66,1.31
21 Nov 2021 ,Milwaukee Bucks,Orlando Magic,1.10,7.48
21 Nov 2021 ,Minnesota Timberwolves,Memphis Grizzlies,1.72,2.19
21 Nov 2021 ,Atlanta Hawks,Charlotte Hornets,1.35,3.40
21 Nov 2021 ,Boston Celtics,Oklahoma City Thunder,1.22,4.60
21 Nov 2021 ,Indiana Pacers,New Orleans Pelicans,1.32,3.60
21 Nov 2021 ,Washington Wizards,Miami Heat,2.19,1.72
21 Nov 2021 ,New York Knicks,Houston Rockets,1.15,5.98
20 Nov 2021 ,Phoenix Suns,Dallas Mavericks,1.27,4.01
20 Nov 2021 ,Sacramento Kings,Toronto Raptors,1.64,2.35
20 Nov 2021 ,Denver Nuggets,Chicago Bulls,2.12,1.77
20 Nov 2021 ,Milwaukee Bucks,Oklahoma City Thunder,1.11,7.07
20 Nov 2021 ,New Orleans Pelicans,Los Angeles Clippers,2.59,1.54
20 Nov 2021 ,Boston Celtics,Los Angeles Lakers,1.89,1.96
20 Nov 2021 ,Brooklyn Nets,Orlando Magic,1.21,4.71
20 Nov 2021 ,Charlotte Hornets,Indiana Pacers,1.95,1.89
20 Nov 2021 ,Detroit Pistons,Golden State Warriors,2.11,1.77
19 Nov 2021 ,Denver Nuggets,Philadelphia 76ers,1.31,3.68
19 Nov 2021 ,Utah Jazz,Toronto Raptors,1.19,5.10
19 Nov 2021 ,Memphis Grizzlies,Los Angeles Clippers,1.94,1.90
19 Nov 2021 ,Minnesota Timberwolves,San Antonio Spurs,1.76,2.13
19 Nov 2021 ,Cleveland Cavaliers,Golden State Warriors,4.61,1.22
19 Nov 2021 ,Miami Heat,Washington Wizards,1.38,3.19
18 Nov 2021 ,Phoenix Suns,Dallas Mavericks,1.28,3.94
18 Nov 2021 ,Portland Trail Blazers,Chicago Bulls,1.62,2.38
18 Nov 2021 ,Minnesota Timberwolves,Sacramento Kings,1.74,2.17
18 Nov 2021 ,Oklahoma City Thunder,Houston Rockets,1.64,2.35
18 Nov 2021 ,Atlanta Hawks,Boston Celtics,1.50,2.70
18 Nov 2021 ,Brooklyn Nets,Cleveland Cavaliers,1.20,4.81
18 Nov 2021 ,Miami Heat,New Orleans Pelicans,1.37,3.23
18 Nov 2021 ,Milwaukee Bucks,Los Angeles Lakers,1.24,4.29
18 Nov 2021 ,New York Knicks,Orlando Magic,1.14,6.36
18 Nov 2021 ,Charlotte Hornets,Washington Wizards,1.89,1.95
18 Nov 2021 ,Detroit Pistons,Indiana Pacers,3.26,1.37
17 Nov 2021 ,Los Angeles Clippers,San Antonio Spurs,1.32,3.53
17 Nov 2021 ,Utah Jazz,Philadelphia 76ers,1.18,5.27
17 Nov 2021 ,Brooklyn Nets,Golden State Warriors,1.71,2.21
16 Nov 2021 ,Los Angeles Lakers,Chicago Bulls,2.10,1.79
16 Nov 2021 ,Portland Trail Blazers,Toronto Raptors,1.64,2.33
16 Nov 2021 ,Dallas Mavericks,Denver Nuggets,1.48,2.77
16 Nov 2021 ,Memphis Grizzlies,Houston Rockets,1.15,6.05
16 Nov 2021 ,Minnesota Timberwolves,Phoenix Suns,2.47,1.58
16 Nov 2021 ,Oklahoma City Thunder,Miami Heat,3.16,1.38
16 Nov 2021 ,Atlanta Hawks,Orlando Magic,1.18,5.26
16 Nov 2021 ,New York Knicks,Indiana Pacers,1.65,2.31
16 Nov 2021 ,Cleveland Cavaliers,Boston Celtics,2.50,1.57
16 Nov 2021 ,Detroit Pistons,Sacramento Kings,2.53,1.56
16 Nov 2021 ,Washington Wizards,New Orleans Pelicans,1.54,2.58
15 Nov 2021 ,Los Angeles Clippers,Chicago Bulls,1.58,2.48
15 Nov 2021 ,Denver Nuggets,Portland Trail Blazers,1.43,2.98
15 Nov 2021 ,Charlotte Hornets,Golden State Warriors,2.81,1.47
15 Nov 2021 ,Houston Rockets,Phoenix Suns,4.02,1.27
15 Nov 2021 ,Oklahoma City Thunder,Brooklyn Nets,4.36,1.24
15 Nov 2021 ,Atlanta Hawks,Milwaukee Bucks,1.76,2.13
15 Nov 2021 ,Los Angeles Lakers,San Antonio Spurs,1.73,2.18
14 Nov 2021 ,Los Angeles Clippers,Minnesota Timberwolves,1.36,3.28
14 Nov 2021 ,Cleveland Cavaliers,Boston Celtics,1.95,1.90
14 Nov 2021 ,Toronto Raptors,Detroit Pistons,1.27,3.98
14 Nov 2021 ,Indiana Pacers,Philadelphia 76ers,1.60,2.42
14 Nov 2021 ,New Orleans Pelicans,Memphis Grizzlies,2.36,1.63
14 Nov 2021 ,Orlando Magic,Washington Wizards,2.60,1.54
14 Nov 2021 ,Utah Jazz,Miami Heat,1.30,3.76
13 Nov 2021 ,Los Angeles Lakers,Minnesota Timberwolves,1.80,2.07
13 Nov 2021 ,Golden State Warriors,Chicago Bulls,1.45,2.91
13 Nov 2021 ,Denver Nuggets,Atlanta Hawks,1.62,2.38
13 Nov 2021 ,San Antonio Spurs,Dallas Mavericks,2.20,1.71
13 Nov 2021 ,Houston Rockets,Portland Trail Blazers,3.22,1.38
13 Nov 2021 ,Memphis Grizzlies,Phoenix Suns,2.07,1.80
13 Nov 2021 ,New Orleans Pelicans,Brooklyn Nets,4.52,1.23
13 Nov 2021 ,Oklahoma City Thunder,Sacramento Kings,2.67,1.51
13 Nov 2021 ,Boston Celtics,Milwaukee Bucks,1.47,2.81
13 Nov 2021 ,Cleveland Cavaliers,Detroit Pistons,1.50,2.69
13 Nov 2021 ,Charlotte Hornets,New York Knicks,2.26,1.68
12 Nov 2021 ,Los Angeles Clippers,Miami Heat,1.48,2.80
12 Nov 2021 ,Utah Jazz,Indiana Pacers,1.19,5.19
12 Nov 2021 ,Philadelphia 76ers,Toronto Raptors,1.59,2.46
11 Nov 2021 ,Golden State Warriors,Minnesota Timberwolves,1.31,3.63
11 Nov 2021 ,Los Angeles Lakers,Miami Heat,2.83,1.47
11 Nov 2021 ,Denver Nuggets,Indiana Pacers,2.40,1.62
11 Nov 2021 ,Phoenix Suns,Portland Trail Blazers,1.50,2.72
11 Nov 2021 ,San Antonio Spurs,Sacramento Kings,1.90,1.95
11 Nov 2021 ,Chicago Bulls,Dallas Mavericks,1.61,2.41
11 Nov 2021 ,Memphis Grizzlies,Charlotte Hornets,1.54,2.59
11 Nov 2021 ,New Orleans Pelicans,Oklahoma City Thunder,1.55,2.56
11 Nov 2021 ,Boston Celtics,Toronto Raptors,1.66,2.30
11 Nov 2021 ,Houston Rockets,Detroit Pistons,1.68,2.26
11 Nov 2021 ,New York Knicks,Milwaukee Bucks,1.62,2.38
11 Nov 2021 ,Cleveland Cavaliers,Washington Wizards,2.36,1.63
11 Nov 2021 ,Orlando Magic,Brooklyn Nets,4.65,1.22
10 Nov 2021 ,Los Angeles Clippers,Portland Trail Blazers,1.67,2.29
10 Nov 2021 ,Utah Jazz,Atlanta Hawks,1.26,4.13
10 Nov 2021 ,Philadelphia 76ers,Milwaukee Bucks,3.46,1.34
09 Nov 2021 ,Los Angeles Lakers,Charlotte Hornets,1.75,2.16
09 Nov 2021 ,Golden State Warriors,Atlanta Hawks,1.62,2.41
09 Nov 2021 ,Sacramento Kings,Phoenix Suns,2.37,1.63
09 Nov 2021 ,Denver Nuggets,Miami Heat,2.07,1.81
09 Nov 2021 ,Dallas Mavericks,New Orleans Pelicans,1.24,4.37
09 Nov 2021 ,Chicago Bulls,Brooklyn Nets,1.95,1.90
09 Nov 2021 ,Memphis Grizzlies,Minnesota Timberwolves,1.54,2.59
09 Nov 2021 ,Philadelphia 76ers,New York Knicks,2.08,1.80
08 Nov 2021 ,Los Angeles Clippers,Charlotte Hornets,1.41,3.07
08 Nov 2021 ,Golden State Warriors,Houston Rockets,1.10,7.65
08 Nov 2021 ,Oklahoma City Thunder,San Antonio Spurs,2.40,1.62
08 Nov 2021 ,New York Knicks,Cleveland Cavaliers,1.32,3.56
08 Nov 2021 ,Orlando Magic,Utah Jazz,5.81,1.16
08 Nov 2021 ,Sacramento Kings,Indiana Pacers,1.74,2.17
08 Nov 2021 ,Washington Wizards,Milwaukee Bucks,1.96,1.89
08 Nov 2021 ,Toronto Raptors,Brooklyn Nets,2.36,1.64
07 Nov 2021 ,Portland Trail Blazers,Los Angeles Lakers,1.51,2.69
07 Nov 2021 ,Phoenix Suns,Atlanta Hawks,1.62,2.39
07 Nov 2021 ,Dallas Mavericks,Boston Celtics,1.63,2.38
07 Nov 2021 ,Chicago Bulls,Philadelphia 76ers,1.58,2.49
07 Nov 2021 ,Miami Heat,Utah Jazz,1.94,1.91
07 Nov 2021 ,Denver Nuggets,Houston Rockets,1.16,5.72
06 Nov 2021 ,Golden State Warriors,New Orleans Pelicans,1.23,4.56
06 Nov 2021 ,Portland Trail Blazers,Indiana Pacers,1.45,2.88
06 Nov 2021 ,Sacramento Kings,Charlotte Hornets,1.78,2.11
06 Nov 2021 ,Minnesota Timberwolves,Los Angeles Clippers,2.22,1.70
06 Nov 2021 ,Milwaukee Bucks,New York Knicks,1.62,2.41
06 Nov 2021 ,Toronto Raptors,Cleveland Cavaliers,1.44,2.94
06 Nov 2021 ,Detroit Pistons,Brooklyn Nets,4.85,1.20
06 Nov 2021 ,Orlando Magic,San Antonio Spurs,2.43,1.60
06 Nov 2021 ,Washington Wizards,Memphis Grizzlies,1.74,2.17
05 Nov 2021 ,Los Angeles Lakers,Oklahoma City Thunder,1.17,5.35
05 Nov 2021 ,Phoenix Suns,Houston Rockets,1.15,6.04
05 Nov 2021 ,Atlanta Hawks,Utah Jazz,1.98,1.88
05 Nov 2021 ,Miami Heat,Boston Celtics,1.39,3.17
05 Nov 2021 ,Detroit Pistons,Philadelphia 76ers,2.66,1.52
04 Nov 2021 ,Golden State Warriors,Charlotte Hornets,1.42,3.03
04 Nov 2021 ,Sacramento Kings,New Orleans Pelicans,1.45,2.90
04 Nov 2021 ,San Antonio Spurs,Dallas Mavericks,2.10,1.78
04 Nov 2021 ,Memphis Grizzlies,Denver Nuggets,2.00,1.87
04 Nov 2021 ,Minnesota Timberwolves,Los Angeles Clippers,2.19,1.72
04 Nov 2021 ,Brooklyn Nets,Atlanta Hawks,1.55,2.58
04 Nov 2021 ,Cleveland Cavaliers,Portland Trail Blazers,2.84,1.46
04 Nov 2021 ,Indiana Pacers,New York Knicks,1.93,1.92
04 Nov 2021 ,Orlando Magic,Boston Celtics,3.36,1.35
04 Nov 2021 ,Philadelphia 76ers,Chicago Bulls,1.73,2.18
04 Nov 2021 ,Washington Wizards,Toronto Raptors,1.61,2.40
03 Nov 2021 ,Los Angeles Lakers,Houston Rockets,1.15,5.98
03 Nov 2021 ,Phoenix Suns,New Orleans Pelicans,1.19,5.04
03 Nov 2021 ,Utah Jazz,Sacramento Kings,1.23,4.47
03 Nov 2021 ,Dallas Mavericks,Miami Heat,2.23,1.70
03 Nov 2021 ,Detroit Pistons,Milwaukee Bucks,2.59,1.54
02 Nov 2021 ,Los Angeles Clippers,Oklahoma City Thunder,1.12,6.83
02 Nov 2021 ,Memphis Grizzlies,Denver Nuggets,1.81,2.08
02 Nov 2021 ,Minnesota Timberwolves,Orlando Magic,1.25,4.24
02 Nov 2021 ,Atlanta Hawks,Washington Wizards,1.49,2.75
02 Nov 2021 ,Boston Celtics,Chicago Bulls,1.69,2.28
02 Nov 2021 ,New York Knicks,Toronto Raptors,1.35,3.39
02 Nov 2021 ,Charlotte Hornets,Cleveland Cavaliers,1.50,2.72
02 Nov 2021 ,Indiana Pacers,San Antonio Spurs,1.69,2.25
02 Nov 2021 ,Philadelphia 76ers,Portland Trail Blazers,2.12,1.79
01 Nov 2021 ,Los Angeles Lakers,Houston Rockets,1.18,5.37
01 Nov 2021 ,Brooklyn Nets,Detroit Pistons,1.13,6.68
01 Nov 2021 ,Charlotte Hornets,Portland Trail Blazers,2.10,1.79
01 Nov 2021 ,Milwaukee Bucks,Utah Jazz,2.72,1.51
01 Nov 2021 ,Dallas Mavericks,Sacramento Kings,1.56,2.55
31 Oct 2021 ,Phoenix Suns,Cleveland Cavaliers,1.20,4.89
31 Oct 2021 ,Golden State Warriors,Oklahoma City Thunder,,
31 Oct 2021 ,Chicago Bulls,Utah Jazz,2.35,1.64
31 Oct 2021 ,Memphis Grizzlies,Miami Heat,1.60,2.45
31 Oct 2021 ,Milwaukee Bucks,San Antonio Spurs,1.35,3.30
31 Oct 2021 ,Minnesota Timberwolves,Denver Nuggets,1.84,2.04
31 Oct 2021 ,Indiana Pacers,Toronto Raptors,1.68,2.27
31 Oct 2021 ,Philadelphia 76ers,Atlanta Hawks,1.62,2.42
31 Oct 2021 ,Detroit Pistons,Orlando Magic,1.43,2.96
31 Oct 2021 ,New Orleans Pelicans,New York Knicks,3.86,1.29
31 Oct 2021 ,Washington Wizards,Boston Celtics,1.77,2.12
30 Oct 2021 ,Los Angeles Lakers,Cleveland Cavaliers,1.28,3.88
30 Oct 2021 ,Denver Nuggets,Dallas Mavericks,1.62,2.42
30 Oct 2021 ,Portland Trail Blazers,Los Angeles Clippers,1.63,2.39
30 Oct 2021 ,New Orleans Pelicans,Sacramento Kings,2.00,1.86
30 Oct 2021 ,Brooklyn Nets,Indiana Pacers,1.25,4.23
30 Oct 2021 ,Miami Heat,Charlotte Hornets,1.38,3.24
30 Oct 2021 ,Toronto Raptors,Orlando Magic,1.23,4.47
29 Oct 2021 ,Golden State Warriors,Memphis Grizzlies,1.42,3.04
29 Oct 2021 ,Dallas Mavericks,San Antonio Spurs,1.39,3.17
29 Oct 2021 ,Chicago Bulls,New York Knicks,1.85,2.03
29 Oct 2021 ,Houston Rockets,Utah Jazz,4.54,1.23
29 Oct 2021 ,Philadelphia 76ers,Detroit Pistons,1.17,5.57
29 Oct 2021 ,Washington Wizards,Atlanta Hawks,2.48,1.59
28 Oct 2021 ,Los Angeles Clippers,Cleveland Cavaliers,1.27,3.99
28 Oct 2021 ,Phoenix Suns,Sacramento Kings,1.29,3.85
28 Oct 2021 ,Portland Trail Blazers,Memphis Grizzlies,1.74,2.17
28 Oct 2021 ,Milwaukee Bucks,Minnesota Timberwolves,1.43,3.02
28 Oct 2021 ,Oklahoma City Thunder,Los Angeles Lakers,2.96,1.43
28 Oct 2021 ,Boston Celtics,Washington Wizards,1.57,2.52
28 Oct 2021 ,Brooklyn Nets,Miami Heat,1.65,2.37
28 Oct 2021 ,New Orleans Pelicans,Atlanta Hawks,2.75,1.49
28 Oct 2021 ,Toronto Raptors,Indiana Pacers,1.86,2.00
28 Oct 2021 ,Orlando Magic,Charlotte Hornets,2.90,1.45
27 Oct 2021 ,Utah Jazz,Denver Nuggets,1.33,3.56
27 Oct 2021 ,Dallas Mavericks,Houston Rockets,1.15,5.83
27 Oct 2021 ,San Antonio Spurs,Los Angeles Lakers,1.76,2.15
27 Oct 2021 ,Oklahoma City Thunder,Golden State Warriors,4.72,1.21
27 Oct 2021 ,New York Knicks,Philadelphia 76ers,1.86,1.99
26 Oct 2021 ,Los Angeles Clippers,Portland Trail Blazers,1.74,2.18
26 Oct 2021 ,Denver Nuggets,Cleveland Cavaliers,1.20,4.96
26 Oct 2021 ,Minnesota Timberwolves,New Orleans Pelicans,1.45,2.88
26 Oct 2021 ,Atlanta Hawks,Detroit Pistons,1.15,5.94
26 Oct 2021 ,Brooklyn Nets,Washington Wizards,1.43,2.98
26 Oct 2021 ,Miami Heat,Orlando Magic,1.10,7.84
26 Oct 2021 ,Toronto Raptors,Chicago Bulls,2.12,1.77
26 Oct 2021 ,Charlotte Hornets,Boston Celtics,2.08,1.80
26 Oct 2021 ,Indiana Pacers,Milwaukee Bucks,2.08,1.80
25 Oct 2021 ,Los Angeles Lakers,Memphis Grizzlies,1.49,2.74
25 Oct 2021 ,Sacramento Kings,Golden State Warriors,2.31,1.66
25 Oct 2021 ,Houston Rockets,Boston Celtics,2.80,1.47
25 Oct 2021 ,New York Knicks,Orlando Magic,1.13,6.51
25 Oct 2021 ,Oklahoma City Thunder,Philadelphia 76ers,4.73,1.21
25 Oct 2021 ,Brooklyn Nets,Charlotte Hornets,1.23,4.50
24 Oct 2021 ,Los Angeles Clippers,Memphis Grizzlies,1.58,2.48
24 Oct 2021 ,Portland Trail Blazers,Phoenix Suns,1.68,2.28
24 Oct 2021 ,San Antonio Spurs,Milwaukee Bucks,3.09,1.40
24 Oct 2021 ,Chicago Bulls,Detroit Pistons,1.29,3.82
24 Oct 2021 ,Minnesota Timberwolves,New Orleans Pelicans,1.33,3.48
24 Oct 2021 ,Toronto Raptors,Dallas Mavericks,2.59,1.55
24 Oct 2021 ,Indiana Pacers,Miami Heat,2.37,1.63
24 Oct 2021 ,Cleveland Cavaliers,Atlanta Hawks,3.94,1.28
23 Oct 2021 ,Los Angeles Lakers,Phoenix Suns,1.98,1.88
23 Oct 2021 ,Sacramento Kings,Utah Jazz,3.07,1.41
23 Oct 2021 ,Denver Nuggets,San Antonio Spurs,1.32,3.55
23 Oct 2021 ,Chicago Bulls,New Orleans Pelicans,1.39,3.13
23 Oct 2021 ,Houston Rockets,Oklahoma City Thunder,1.67,2.28
23 Oct 2021 ,Boston Celtics,Toronto Raptors,1.36,3.33
23 Oct 2021 ,Philadelphia 76ers,Brooklyn Nets,2.01,1.86
23 Oct 2021 ,Cleveland Cavaliers,Charlotte Hornets,2.15,1.75
23 Oct 2021 ,Orlando Magic,New York Knicks,3.72,1.30
23 Oct 2021 ,Washington Wizards,Indiana Pacers,2.09,1.79
22 Oct 2021 ,Golden State Warriors,Los Angeles Clippers,1.58,2.49
22 Oct 2021 ,Miami Heat,Milwaukee Bucks,1.80,2.11
22 Oct 2021 ,Atlanta Hawks,Dallas Mavericks,1.72,2.20
21 Oct 2021 ,Phoenix Suns,Denver Nuggets,1.40,3.09
21 Oct 2021 ,Portland Trail Blazers,Sacramento Kings,1.40,3.10
21 Oct 2021 ,Utah Jazz,Oklahoma City Thunder,1.10,7.92
21 Oct 2021 ,San Antonio Spurs,Orlando Magic,1.39,3.19
21 Oct 2021 ,Memphis Grizzlies,Cleveland Cavaliers,1.33,3.51
21 Oct 2021 ,Minnesota Timberwolves,Houston Rockets,1.43,3.00
21 Oct 2021 ,New Orleans Pelicans,Philadelphia 76ers,2.37,1.65
21 Oct 2021 ,New York Knicks,Boston Celtics,1.75,2.16
21 Oct 2021 ,Toronto Raptors,Washington Wizards,1.70,2.23
21 Oct 2021 ,Charlotte Hornets,Indiana Pacers,1.95,1.92
21 Oct 2021 ,Detroit Pistons,Chicago Bulls,2.65,1.53
20 Oct 2021 ,Los Angeles Lakers,Golden State Warriors,1.61,2.44
20 Oct 2021 ,Milwaukee Bucks,Brooklyn Nets,1.87,1.99
16 Oct 2021  - Pre-season,Golden State Warriors,Portland Trail Blazers,1.26,3.93
16 Oct 2021  - Pre-season,San Antonio Spurs,Houston Rockets,1.58,2.39
16 Oct 2021  - Pre-season,Chicago Bulls,Memphis Grizzlies,1.50,2.60
16 Oct 2021  - Pre-season,Milwaukee Bucks,Dallas Mavericks,1.18,4.93
16 Oct 2021  - Pre-season,New York Knicks,Washington Wizards,1.41,2.89
16 Oct 2021  - Pre-season,Detroit Pistons,Philadelphia 76ers,1.70,2.15
16 Oct 2021  - Pre-season,Indiana Pacers,Cleveland Cavaliers,1.41,2.91
16 Oct 2021  - Pre-season,Miami Heat,Boston Celtics,1.28,3.70
15 Oct 2021  - Pre-season,Sacramento Kings,Los Angeles Lakers,2.30,1.61
15 Oct 2021  - Pre-season,Oklahoma City Thunder,Denver Nuggets,2.58,1.49
15 Oct 2021  - Pre-season,Brooklyn Nets,Minnesota Timberwolves,1.30,3.44
15 Oct 2021  - Pre-season,Atlanta Hawks,Miami Heat,1.13,5.72
14 Oct 2021  - Pre-season,Utah Jazz,Milwaukee Bucks,1.59,2.33
14 Oct 2021  - Pre-season,Oklahoma City Thunder,Denver Nuggets,3.57,1.28
14 Oct 2021  - Pre-season,New York Knicks,Detroit Pistons,1.27,3.72
14 Oct 2021  - Pre-season,Indiana Pacers,Memphis Grizzlies,1.30,3.42
14 Oct 2021  - Pre-season,Orlando Magic,Boston Celtics,1.40,2.90
14 Oct 2021  - Pre-season,Charlotte Hornets,Dallas Mavericks,3.28,1.33
14 Oct 2021  - Pre-season,Phoenix Suns,Portland Trail Blazers,1.36,3.08
13 Oct 2021  - Pre-season,Los Angeles Lakers,Golden State Warriors,1.37,3.09
13 Oct 2021  - Pre-season,Washington Wizards,Toronto Raptors,1.32,3.35
12 Oct 2021  - Pre-season,Los Angeles Clippers,Minnesota Timberwolves,2.09,1.71
12 Oct 2021  - Pre-season,Portland Trail Blazers,Sacramento Kings,3.39,1.31
12 Oct 2021  - Pre-season,Utah Jazz,New Orleans Pelicans,1.27,3.67
12 Oct 2021  - Pre-season,Memphis Grizzlies,Detroit Pistons,1.39,2.95
12 Oct 2021  - Pre-season,Philadelphia 76ers,Brooklyn Nets,3.27,1.33
12 Oct 2021  - Pre-season,Miami Heat,Charlotte Hornets,1.27,3.70
12 Oct 2021  - Pre-season,Toronto Raptors,Houston Rockets,1.42,2.81
11 Oct 2021  - Pre-season,Los Angeles Lakers,Phoenix Suns,2.13,1.71
11 Oct 2021  - Pre-season,Milwaukee Bucks,Oklahoma City Thunder,1.38,2.99
11 Oct 2021  - Pre-season,Cleveland Cavaliers,Chicago Bulls,3.55,1.29
11 Oct 2021  - Pre-season,Orlando Magic,San Antonio Spurs,2.10,1.71
10 Oct 2021  - Pre-season,Memphis Grizzlies,Atlanta Hawks,1.97,1.80
10 Oct 2021  - Pre-season,Boston Celtics,Toronto Raptors,1.61,2.28
10 Oct 2021  - Pre-season,Washington Wizards,New York Knicks,1.88,1.89
09 Oct 2021  - Pre-season,Golden State Warriors,Los Angeles Lakers,1.62,2.26
09 Oct 2021  - Pre-season,Denver Nuggets,Minnesota Timberwolves,1.57,2.37
09 Oct 2021  - Pre-season,Dallas Mavericks,Los Angeles Clippers,1.48,2.60
09 Oct 2021  - Pre-season,San Antonio Spurs,Miami Heat,1.40,2.90
09 Oct 2021  - Pre-season,Chicago Bulls,New Orleans Pelicans,1.28,3.60
09 Oct 2021  - Pre-season,Brooklyn Nets,Milwaukee Bucks,1.19,4.48
09 Oct 2021  - Pre-season,Cleveland Cavaliers,Indiana Pacers,2.30,1.60
08 Oct 2021  - Pre-season,Houston Rockets,Miami Heat,2.77,1.43
08 Oct 2021  - Pre-season,Charlotte Hornets,Memphis Grizzlies,1.99,1.79
08 Oct 2021  - Pre-season,Philadelphia 76ers,Toronto Raptors,1.47,2.62
07 Oct 2021  - Pre-season,Los Angeles Clippers,Sacramento Kings,1.80,1.98
07 Oct 2021  - Pre-season,Golden State Warriors,Denver Nuggets,1.48,2.59
07 Oct 2021  - Pre-season,Dallas Mavericks,Utah Jazz,1.44,2.74
07 Oct 2021  - Pre-season,New Orleans Pelicans,Orlando Magic,1.64,2.22
07 Oct 2021  - Pre-season,Atlanta Hawks,Cleveland Cavaliers,1.60,2.29
07 Oct 2021  - Pre-season,Detroit Pistons,San Antonio Spurs,2.20,1.65
07 Oct 2021  - Pre-season,Phoenix Suns,Los Angeles Lakers,1.64,2.20
06 Oct 2021  - Pre-season,Chicago Bulls,Cleveland Cavaliers,1.44,2.71
06 Oct 2021  - Pre-season,Houston Rockets,Washington Wizards,1.81,1.96
06 Oct 2021  - Pre-season,Memphis Grizzlies,Milwaukee Bucks,1.38,2.99
06 Oct 2021  - Pre-season,New York Knicks,Indiana Pacers,1.61,2.28
05 Oct 2021  - Pre-season,Los Angeles Clippers,Denver Nuggets,2.12,1.69
05 Oct 2021  - Pre-season,Portland Trail Blazers,Golden State Warriors,1.71,2.11
05 Oct 2021  - Pre-season,Sacramento Kings,Phoenix Suns,1.70,2.11
05 Oct 2021  - Pre-season,San Antonio Spurs,Utah Jazz,2.28,1.61
05 Oct 2021  - Pre-season,Minnesota Timberwolves,New Orleans Pelicans,1.64,2.20
05 Oct 2021  - Pre-season,Oklahoma City Thunder,Charlotte Hornets,2.35,1.58
05 Oct 2021  - Pre-season,Boston Celtics,Orlando Magic,1.33,3.24
05 Oct 2021  - Pre-season,Miami Heat,Atlanta Hawks,1.63,2.25
05 Oct 2021  - Pre-season,Toronto Raptors,Philadelphia 76ers,1.72,2.08
04 Oct 2021  - Pre-season,Los Angeles Lakers,Brooklyn Nets,1.62,2.27
